Date,LOCATION,PIT,Length.mm,Weight.g
2019-02-21,ELDSAC,B03F5,52,1.45
2019-02-21,ELDSAC,B040B,44,0.85
2019-02-21,ELDSAC,B0410,47,1.22
2019-02-21,ELDSAC,B0425,48,1.01
2019-02-21,ELDSAC,B0439,47,1.02
2019-02-21,ELDSAC,B045F,45,0.96
2019-02-21,ELDSAC,B046F,54,1.58
2019-02-21,ELDSAC,D6EBA,49,1.04
2019-02-21,RRCAN,B03AF,49,1.06
2019-02-21,RRCAN,B03C7,45,0.75
2019-02-21,RRCAN,B03F6,47,1.18
2019-02-21,RRCAN,B0433,49,1.03
2019-02-21,RRCAN,B0442,49,1.26
2019-02-21,RRCAN,B0459,49,1.19
2019-02-21,RRCAN,B0465,50,1.09
2019-02-21,RRCAN,B046C,49,1.2
2019-02-21,RRCAN,B0472,49,1.17
2019-02-21,RRCAN,B047A,50,0.92
2019-02-21,RRCAN,B0485,58,2.01
2019-02-21,RRCAN,B048D,51,1.49
2019-02-21,RRCAN,B049E,48,1.16
2019-02-21,RRCAN,B04BA,49,1.14
2019-02-21,RRCAN,B04BC,53,1.39
2019-02-21,RRCAN,B04C5,47,1.21
2019-02-21,RRCAN,B04CA,49,1.21
2019-02-21,RRCAN,D6E7D,49,1.21
2019-02-21,RRCAN,D6E84,52,1.51
2019-02-21,RRCAN,D6E92,53,1.59
2019-02-21,RRCAN,D6EA0,45,0.76
2019-02-21,RRCAN,D6EAC,52,1.26
2019-02-21,RRCAN,D6EBD,50,1.36
2019-02-21,RRCAN,D6ECA,49,1.06
2019-02-21,RRCAN,D6ECE,52,1.03
2019-02-21,RRSAC1,B03B3,51,1.4
2019-02-21,RRSAC1,B03C9,47,0.97
2019-02-21,RRSAC1,B03D6,49,1.4
2019-02-21,RRSAC1,B03EB,55,1.56
2019-02-21,RRSAC1,B0415,45,1.02
2019-02-21,RRSAC1,B0421,47,1.1
2019-02-21,RRSAC1,B042D,56,1.61
2019-02-21,RRSAC1,B0431,51,1.38
2019-02-21,RRSAC1,B0435,48,0.95
2019-02-21,RRSAC1,B043F,50,1.15
2019-02-21,RRSAC1,B0441,56,1.69
2019-02-21,RRSAC1,B0445,47,1.13
2019-02-21,RRSAC1,B044F,49,1.05
2019-02-21,RRSAC1,B0467,44,1.01
2019-02-21,RRSAC1,B0489,50,1.48
2019-02-21,RRSAC1,B0490,47,0.96
2019-02-21,RRSAC1,B04A4,49,1.17
2019-02-21,RRSAC1,B04AC,51,1.46
2019-02-21,RRSAC1,B04BB,52,1.48
2019-02-21,RRSAC1,B04C3,51,1.26
2019-02-21,RRSAC1,B04C9,54,1.64
2019-02-21,RRSAC1,D6E76,48,0.99
2019-02-21,RRSAC1,D6E96,57,1.99
2019-02-21,RRSAC1,D6E9A,50,1.13
2019-02-21,RRSAC1,D6EB0,54,1.63
2019-02-21,RRSAC1,D6EC5,50,1.35
2019-02-21,RRSAC2A,B03A9,49,1.19
2019-02-21,RRSAC2A,B03B1,48,1.31
2019-02-21,RRSAC2A,B03DF,51,1.14
2019-02-21,RRSAC2A,B0409,48,0.98
2019-02-21,RRSAC2A,B0413,47,1.15
2019-02-21,RRSAC2A,B0419,45,0.96
2019-02-21,RRSAC2A,B04A6,44,0.84
2019-02-21,RRSAC2A,B04AB,48,1.26
2019-02-21,RRSAC2A,D6E7F,50,1.17
2019-02-21,RRSAC2A,D6E83,52,1.38
2019-02-21,RRSAC2A,D6E8C,55,1.63
2019-02-21,RRSAC2A,D6E8E,45,1.04
2019-02-21,RRSAC2A,D6EAB,48,1.19
2019-02-21,RRSAC2A,D6EAF,47,1.02
2019-02-21,RRSAC2A,D6EB1,47,1.05
2019-02-21,RRSAC2B,B03D2,NA,NA
2019-02-21,RRSAC2B,B03D5,NA,NA
2019-02-21,RRSAC2B,B03DD,50,1.42
2019-02-21,RRSAC2B,B03F2,51,1.47
2019-02-21,RRSAC2B,B040E,48,1.35
2019-02-21,RRSAC2B,B0429,48,1.05
2019-02-21,RRSAC2B,B0446,50,1.14
2019-02-21,RRSAC2B,B0453,53,1.5
2019-02-21,RRSAC2B,B0455,51,1.31
2019-02-21,RRSAC2B,B0476,50,1.22
2019-02-21,RRSAC2B,B0494,50,1.17
2019-02-21,RRSAC2B,B04A0,48,1.08
2019-02-21,RRSAC2B,B04AD,51,1.19
2019-02-21,RRSAC2B,B04AE,50,1.33
2019-02-21,RRSAC2B,D6E78,51,1.35
2019-02-21,RRSAC2B,D6E85,NA,NA
2019-02-21,RRSAC2B,D6E9B,50,1.4
2019-02-21,RRSAC3,B03AA,NA,NA
2019-02-21,RRSAC3,B03B4,53,1.56
2019-02-21,RRSAC3,B03D1,41,0.84
2019-02-21,RRSAC3,B03D7,48,1.35
2019-02-21,RRSAC3,B03D8,51,1.3
2019-02-21,RRSAC3,B03D9,48,1.05
2019-02-21,RRSAC3,B03E8,NA,NA
2019-02-21,RRSAC3,B0406,47,1.08
2019-02-21,RRSAC3,B041D,53,1.35
2019-02-21,RRSAC3,B0423,NA,NA
2019-02-21,RRSAC3,B043D,49,1.11
2019-02-21,RRSAC3,B0448,NA,NA
2019-02-21,RRSAC3,B044A,49,1.24
2019-02-21,RRSAC3,B0456,43,0.98
2019-02-21,RRSAC3,B047E,NA,NA
2019-02-21,RRSAC3,B0481,48,0.99
2019-02-21,RRSAC3,B0488,NA,NA
2019-02-21,RRSAC3,B04B0,46,0.96
2019-02-21,RRSAC3,B04B1,NA,NA
2019-02-21,RRSAC3,B04B3,NA,NA
2019-02-21,RRSAC3,B04B7,53,1.5
2019-02-21,RRSAC3,B04C7,NA,NA
2019-02-21,RRSAC3,B04C8,51,1.43
2019-02-21,RRSAC3,B04CB,49,1.07
2019-02-21,RRSAC3,D6E80,51,1.31
2019-02-21,RRSAC3,D6EC1,47,1.13
2019-02-21,RRSAC3,D6ED1,50,1.48
2019-02-21,RRSAC4,B03A6,48,1.02
2019-02-21,RRSAC4,B03C4,NA,NA
2019-02-21,RRSAC4,B03D3,46,0.96
2019-02-21,RRSAC4,B03E2,50,1.02
2019-02-21,RRSAC4,B0408,49,1.23
2019-02-21,RRSAC4,B0418,NA,NA
2019-02-21,RRSAC4,B041F,44,0.85
2019-02-21,RRSAC4,B042A,49,1.11
2019-02-21,RRSAC4,B0434,49,1.19
2019-02-21,RRSAC4,B0437,50,1.2
2019-02-21,RRSAC4,B0443,49,1.23
2019-02-21,RRSAC4,B044B,NA,NA
2019-02-21,RRSAC4,B044D,48,1.01
2019-02-21,RRSAC4,B0462,48,1.12
2019-02-21,RRSAC4,B0474,51,0.97
2019-02-21,RRSAC4,B0487,51,1.33
2019-02-21,RRSAC4,B048B,48,1.1
2019-02-21,RRSAC4,B04B6,58,1.76
2019-02-21,RRSAC4,B04B8,42,1.01
2019-02-21,RRSAC4,D6E7B,51,1.38
2019-02-21,RRSAC4,D6E88,47,1.11
2019-02-21,RRSAC4,D6E89,45,1.16
2019-02-21,RRSAC4,D6E95,50,1.35
2019-02-21,RRSAC4,D6E99,NA,NA
2019-02-21,RRSAC4,D6E9C,48,1.35
2019-02-21,RRSAC4,D6EA5,49,1.26
2019-02-21,RRSAC4,D6EA9,54,1.61
2019-02-21,RRSAC4,D6EB5,45,0.96
2019-02-21,RRSAC4,D6ECB,50,1.15
2019-02-21,RRSAC4,D6ED0,51,1.5
2019-02-27,ELDSAC,B03F5,54,1.55
2019-02-27,ELDSAC,B040B,45,0.9
2019-02-27,ELDSAC,B0410,51,1.27
2019-02-27,ELDSAC,B0425,50,1.12
2019-02-27,ELDSAC,B0439,48,1.05
2019-02-27,ELDSAC,B045F,45,0.74
2019-02-27,ELDSAC,B046F,54,1.46
2019-02-27,ELDSAC,D6EBA,49,1.21
2019-02-27,RRCAN,B03AF,49,1.33
2019-02-27,RRCAN,B03C7,47,0.97
2019-02-27,RRCAN,B03F6,49,1.25
2019-02-27,RRCAN,B0433,50,1.31
2019-02-27,RRCAN,B0442,48,1.29
2019-02-27,RRCAN,B0459,50,1.24
2019-02-27,RRCAN,B0465,49,1.35
2019-02-27,RRCAN,B046C,51,1.4
2019-02-27,RRCAN,B0472,52,1.45
2019-02-27,RRCAN,B047A,50,1.24
2019-02-27,RRCAN,B0485,59,2.46
2019-02-27,RRCAN,B048D,53,1.58
2019-02-27,RRCAN,B049E,49,1.28
2019-02-27,RRCAN,B04BA,49,1.25
2019-02-27,RRCAN,B04BC,53,1.59
2019-02-27,RRCAN,B04C5,50,1.24
2019-02-27,RRCAN,B04CA,52,1.43
2019-02-27,RRCAN,D6E7D,50,1.36
2019-02-27,RRCAN,D6E84,53,1.83
2019-02-27,RRCAN,D6E92,54,1.65
2019-02-27,RRCAN,D6EA0,47,1.04
2019-02-27,RRCAN,D6EAC,53,1.4
2019-02-27,RRCAN,D6EBD,51,1.53
2019-02-27,RRCAN,D6ECA,50,1.23
2019-02-27,RRCAN,D6ECE,52,1.31
2019-02-27,RRSAC1,B03B3,52,1.43
2019-02-27,RRSAC1,B03C9,48,1.18
2019-02-27,RRSAC1,B03D6,50,1.49
2019-02-27,RRSAC1,B03EB,54,1.6
2019-02-27,RRSAC1,B0415,45,0.91
2019-02-27,RRSAC1,B0421,48,1.09
2019-02-27,RRSAC1,B042D,56,1.66
2019-02-27,RRSAC1,B0431,52,1.55
2019-02-27,RRSAC1,B0435,47,1.11
2019-02-27,RRSAC1,B043F,51,1.29
2019-02-27,RRSAC1,B0441,55,1.68
2019-02-27,RRSAC1,B0445,47,1.06
2019-02-27,RRSAC1,B044F,49,1.02
2019-02-27,RRSAC1,B0467,46,0.87
2019-02-27,RRSAC1,B0489,50,1.4
2019-02-27,RRSAC1,B0490,48,1.12
2019-02-27,RRSAC1,B04A4,49,1.22
2019-02-27,RRSAC1,B04AC,53,1.59
2019-02-27,RRSAC1,B04BB,53,1.51
2019-02-27,RRSAC1,B04C3,50,1.39
2019-02-27,RRSAC1,B04C9,55,1.72
2019-02-27,RRSAC1,D6E76,49,1.18
2019-02-27,RRSAC1,D6E96,58,2.06
2019-02-27,RRSAC1,D6E9A,51,1.24
2019-02-27,RRSAC1,D6EB0,55,1.81
2019-02-27,RRSAC1,D6EC5,52,1.4
2019-02-27,RRSAC2A,B03A9,49,1.31
2019-02-27,RRSAC2A,B03B1,50,1.25
2019-02-27,RRSAC2A,B03DF,52,1.38
2019-02-27,RRSAC2A,B0409,48,1.04
2019-02-27,RRSAC2A,B0413,49,1.5
2019-02-27,RRSAC2A,B0419,46,1.09
2019-02-27,RRSAC2A,B04A6,46,0.94
2019-02-27,RRSAC2A,B04AB,50,1.52
2019-02-27,RRSAC2A,D6E7F,52,1.38
2019-02-27,RRSAC2A,D6E83,54,1.58
2019-02-27,RRSAC2A,D6E8C,56,1.66
2019-02-27,RRSAC2A,D6E8E,47,1.11
2019-02-27,RRSAC2A,D6EAB,49,1.23
2019-02-27,RRSAC2A,D6EAF,47,1.1
2019-02-27,RRSAC2A,D6EB1,49,1.32
2019-02-27,RRSAC2B,B03D2,50,1.02
2019-02-27,RRSAC2B,B03D5,45,0.89
2019-02-27,RRSAC2B,B03DD,52,1.64
2019-02-27,RRSAC2B,B03F2,51,1.65
2019-02-27,RRSAC2B,B040E,50,1.32
2019-02-27,RRSAC2B,B0429,49,1.23
2019-02-27,RRSAC2B,B0446,50,1.34
2019-02-27,RRSAC2B,B0453,54,1.67
2019-02-27,RRSAC2B,B0455,52,1.5
2019-02-27,RRSAC2B,B0476,49,1.26
2019-02-27,RRSAC2B,B0494,52,1.4
2019-02-27,RRSAC2B,B04A0,49,1.38
2019-02-27,RRSAC2B,B04AD,50,1.29
2019-02-27,RRSAC2B,B04AE,53,1.63
2019-02-27,RRSAC2B,D6E78,52,1.51
2019-02-27,RRSAC2B,D6E85,50,1.03
2019-02-27,RRSAC2B,D6E9B,51,1.46
2019-02-27,RRSAC3,B03AA,45,0.95
2019-02-27,RRSAC3,B03B4,55,1.97
2019-02-27,RRSAC3,B03D1,45,1
2019-02-27,RRSAC3,B03D7,50,1.26
2019-02-27,RRSAC3,B03D8,54,1.41
2019-02-27,RRSAC3,B03D9,49,1.18
2019-02-27,RRSAC3,B03E8,55,1.55
2019-02-27,RRSAC3,B0406,48,0.95
2019-02-27,RRSAC3,B041D,53,1.7
2019-02-27,RRSAC3,B0423,50,1.06
2019-02-27,RRSAC3,B043D,50,1.34
2019-02-27,RRSAC3,B0448,53,1.39
2019-02-27,RRSAC3,B044A,50,1.4
2019-02-27,RRSAC3,B0456,44,0.98
2019-02-27,RRSAC3,B047E,42,0.58
2019-02-27,RRSAC3,B0481,48,1.26
2019-02-27,RRSAC3,B0488,52,1.22
2019-02-27,RRSAC3,B04B0,48,1.11
2019-02-27,RRSAC3,B04B1,43,0.78
2019-02-27,RRSAC3,B04B3,47,0.91
2019-02-27,RRSAC3,B04B7,54,1.45
2019-02-27,RRSAC3,B04C7,48,1.19
2019-02-27,RRSAC3,B04C8,53,1.59
2019-02-27,RRSAC3,B04CB,NA,1.22
2019-02-27,RRSAC3,D6E80,50,1.42
2019-02-27,RRSAC3,D6EC1,49,1.18
2019-02-27,RRSAC3,D6ED1,52,1.52
2019-02-27,RRSAC4,B03A6,48,1.13
2019-02-27,RRSAC4,B03C4,48,1.34
2019-02-27,RRSAC4,B03D3,48,1.1
2019-02-27,RRSAC4,B03E2,50,1.26
2019-02-27,RRSAC4,B0408,49,1.36
2019-02-27,RRSAC4,B0418,49,1.06
2019-02-27,RRSAC4,B041F,47,0.98
2019-02-27,RRSAC4,B042A,50,1.11
2019-02-27,RRSAC4,B0434,49,1.19
2019-02-27,RRSAC4,B0437,51,1.38
2019-02-27,RRSAC4,B0443,49,1.27
2019-02-27,RRSAC4,B044B,47,1.07
2019-02-27,RRSAC4,B044D,47,1.34
2019-02-27,RRSAC4,B0462,49,1.13
2019-02-27,RRSAC4,B0474,52,1.33
2019-02-27,RRSAC4,B0487,53,1.48
2019-02-27,RRSAC4,B048B,50,1.32
2019-02-27,RRSAC4,B04B6,56,1.85
2019-02-27,RRSAC4,B04B8,42,1.01
2019-02-27,RRSAC4,D6E7B,52,1.71
2019-02-27,RRSAC4,D6E88,49,1.4
2019-02-27,RRSAC4,D6E89,47,1.16
2019-02-27,RRSAC4,D6E95,50,1.31
2019-02-27,RRSAC4,D6E99,44,0.76
2019-02-27,RRSAC4,D6E9C,50,1.36
2019-02-27,RRSAC4,D6EA5,50,1.32
2019-02-27,RRSAC4,D6EA9,55,1.91
2019-02-27,RRSAC4,D6EB5,46,0.91
2019-02-27,RRSAC4,D6ECB,52,1.39
2019-02-27,RRSAC4,D6ED0,53,1.84
2019-03-05,ELDSAC,B03F5,NA,NA
2019-03-05,ELDSAC,B040B,NA,NA
2019-03-05,ELDSAC,B0410,NA,NA
2019-03-05,ELDSAC,B0425,50,1.22
2019-03-05,ELDSAC,B0439,NA,NA
2019-03-05,ELDSAC,B045F,NA,NA
2019-03-05,ELDSAC,B046F,54,1.55
2019-03-05,ELDSAC,D6EBA,49,1.23
2019-03-05,RRCAN,B03AF,55,1.72
2019-03-05,RRCAN,B03C7,49,1.24
2019-03-05,RRCAN,B03F6,53,1.65
2019-03-05,RRCAN,B0433,54,1.75
2019-03-05,RRCAN,B0442,51,1.59
2019-03-05,RRCAN,B0459,53,1.72
2019-03-05,RRCAN,B0465,52,1.58
2019-03-05,RRCAN,B046C,55,1.94
2019-03-05,RRCAN,B0472,56,1.77
2019-03-05,RRCAN,B047A,53,1.55
2019-03-05,RRCAN,B0485,64,3.09
2019-03-05,RRCAN,B048D,57,2.18
2019-03-05,RRCAN,B049E,52,1.71
2019-03-05,RRCAN,B04BA,52,1.5
2019-03-05,RRCAN,B04BC,57,2.05
2019-03-05,RRCAN,B04C5,53,1.67
2019-03-05,RRCAN,B04CA,55,1.91
2019-03-05,RRCAN,D6E7D,54,1.67
2019-03-05,RRCAN,D6E84,55,2.06
2019-03-05,RRCAN,D6E92,56,2.23
2019-03-05,RRCAN,D6EA0,50,1.33
2019-03-05,RRCAN,D6EAC,53,1.77
2019-03-05,RRCAN,D6EBD,56,2.03
2019-03-05,RRCAN,D6ECA,54,1.62
2019-03-05,RRCAN,D6ECE,52,1.67
2019-03-05,RRSAC1,B03B3,53,1.46
2019-03-05,RRSAC1,B03C9,49,1.16
2019-03-05,RRSAC1,B03D6,51,1.46
2019-03-05,RRSAC1,B03EB,54,1.63
2019-03-05,RRSAC1,B0415,NA,NA
2019-03-05,RRSAC1,B0421,48,1.05
2019-03-05,RRSAC1,B042D,56,1.61
2019-03-05,RRSAC1,B0431,52,1.43
2019-03-05,RRSAC1,B0435,48,1.13
2019-03-05,RRSAC1,B043F,51,1.31
2019-03-05,RRSAC1,B0441,56,1.42
2019-03-05,RRSAC1,B0445,47,1.12
2019-03-05,RRSAC1,B044F,NA,NA
2019-03-05,RRSAC1,B0467,NA,NA
2019-03-05,RRSAC1,B0489,50,1.29
2019-03-05,RRSAC1,B0490,49,1.17
2019-03-05,RRSAC1,B04A4,49,1.03
2019-03-05,RRSAC1,B04AC,52,1.5
2019-03-05,RRSAC1,B04BB,53,1.46
2019-03-05,RRSAC1,B04C3,51,1.39
2019-03-05,RRSAC1,B04C9,54,1.64
2019-03-05,RRSAC1,D6E76,49,1.1
2019-03-05,RRSAC1,D6E96,57,1.95
2019-03-05,RRSAC1,D6E9A,50,1.23
2019-03-05,RRSAC1,D6EB0,55,1.89
2019-03-05,RRSAC1,D6EC5,52,1.3
2019-03-05,RRSAC2A,B03A9,50,1.52
2019-03-05,RRSAC2A,B03B1,50,1.33
2019-03-05,RRSAC2A,B03DF,53,1.7
2019-03-05,RRSAC2A,B0409,50,1.28
2019-03-05,RRSAC2A,B0413,50,1.46
2019-03-05,RRSAC2A,B0419,49,1.24
2019-03-05,RRSAC2A,B04A6,48,1.23
2019-03-05,RRSAC2A,B04AB,52,1.84
2019-03-05,RRSAC2A,D6E7F,54,1.69
2019-03-05,RRSAC2A,D6E83,56,1.77
2019-03-05,RRSAC2A,D6E8C,55,1.83
2019-03-05,RRSAC2A,D6E8E,50,1.27
2019-03-05,RRSAC2A,D6EAB,NA,NA
2019-03-05,RRSAC2A,D6EAF,49,1.32
2019-03-05,RRSAC2A,D6EB1,51,1.34
2019-03-05,RRSAC2B,B03D2,51,1.16
2019-03-05,RRSAC2B,B03D5,NA,NA
2019-03-05,RRSAC2B,B03DD,52,1.62
2019-03-05,RRSAC2B,B03F2,53,1.58
2019-03-05,RRSAC2B,B040E,51,1.4
2019-03-05,RRSAC2B,B0429,51,1.39
2019-03-05,RRSAC2B,B0446,51,1.47
2019-03-05,RRSAC2B,B0453,55,1.86
2019-03-05,RRSAC2B,B0455,52,1.7
2019-03-05,RRSAC2B,B0476,51,1.47
2019-03-05,RRSAC2B,B0494,52,1.52
2019-03-05,RRSAC2B,B04A0,51,1.61
2019-03-05,RRSAC2B,B04AD,51,1.34
2019-03-05,RRSAC2B,B04AE,55,1.7
2019-03-05,RRSAC2B,D6E78,54,1.96
2019-03-05,RRSAC2B,D6E85,NA,NA
2019-03-05,RRSAC2B,D6E9B,52,1.67
2019-03-05,RRSAC3,B03AA,45,0.98
2019-03-05,RRSAC3,B03B4,57,1.98
2019-03-05,RRSAC3,B03D1,48,1.17
2019-03-05,RRSAC3,B03D7,51,1.51
2019-03-05,RRSAC3,B03D8,54,1.62
2019-03-05,RRSAC3,B03D9,49,1.25
2019-03-05,RRSAC3,B03E8,55,1.68
2019-03-05,RRSAC3,B0406,NA,NA
2019-03-05,RRSAC3,B041D,55,1.92
2019-03-05,RRSAC3,B0423,50,1.32
2019-03-05,RRSAC3,B043D,51,1.5
2019-03-05,RRSAC3,B0448,54,1.63
2019-03-05,RRSAC3,B044A,50,1.27
2019-03-05,RRSAC3,B0456,46,1.2
2019-03-05,RRSAC3,B047E,NA,NA
2019-03-05,RRSAC3,B0481,49,1.32
2019-03-05,RRSAC3,B0488,52,1.44
2019-03-05,RRSAC3,B04B0,50,1.29
2019-03-05,RRSAC3,B04B1,44,0.94
2019-03-05,RRSAC3,B04B3,47,1.05
2019-03-05,RRSAC3,B04B7,54,1.58
2019-03-05,RRSAC3,B04C7,NA,NA
2019-03-05,RRSAC3,B04C8,55,1.7
2019-03-05,RRSAC3,B04CB,50,1.41
2019-03-05,RRSAC3,D6E80,51,1.5
2019-03-05,RRSAC3,D6EC1,50,1.35
2019-03-05,RRSAC3,D6ED1,53,1.58
2019-03-05,RRSAC4,B03A6,48,1.26
2019-03-05,RRSAC4,B03C4,50,1.23
2019-03-05,RRSAC4,B03D3,48,1.2
2019-03-05,RRSAC4,B03E2,51,1.35
2019-03-05,RRSAC4,B0408,50,1.49
2019-03-05,RRSAC4,B0418,50,1.18
2019-03-05,RRSAC4,B041F,47,1.1
2019-03-05,RRSAC4,B042A,49,1.23
2019-03-05,RRSAC4,B0434,50,1.28
2019-03-05,RRSAC4,B0437,53,1.52
2019-03-05,RRSAC4,B0443,50,1.33
2019-03-05,RRSAC4,B044B,48,1.13
2019-03-05,RRSAC4,B044D,50,1.39
2019-03-05,RRSAC4,B0462,49,1.27
2019-03-05,RRSAC4,B0474,53,1.44
2019-03-05,RRSAC4,B0487,53,1.68
2019-03-05,RRSAC4,B048B,50,1.38
2019-03-05,RRSAC4,B04B6,57,1.74
2019-03-05,RRSAC4,B04B8,NA,NA
2019-03-05,RRSAC4,D6E7B,53,1.56
2019-03-05,RRSAC4,D6E88,51,1.39
2019-03-05,RRSAC4,D6E89,48,1.3
2019-03-05,RRSAC4,D6E95,52,1.4
2019-03-05,RRSAC4,D6E99,NA,NA
2019-03-05,RRSAC4,D6E9C,52,1.54
2019-03-05,RRSAC4,D6EA5,50,1.34
2019-03-05,RRSAC4,D6EA9,55,1.92
2019-03-05,RRSAC4,D6EB5,NA,NA
2019-03-05,RRSAC4,D6ECB,54,1.52
2019-03-05,RRSAC4,D6ED0,55,1.88
2019-03-12,ELDSAC,B03F5,NA,NA
2019-03-12,ELDSAC,B040B,NA,NA
2019-03-12,ELDSAC,B0410,NA,NA
2019-03-12,ELDSAC,B0425,51,1.3
2019-03-12,ELDSAC,B0439,NA,NA
2019-03-12,ELDSAC,B045F,NA,NA
2019-03-12,ELDSAC,B046F,55,1.61
2019-03-12,ELDSAC,D6EBA,53,1.33
2019-03-12,RRCAN,B03AF,61,2.36
2019-03-12,RRCAN,B03C7,54,1.65
2019-03-12,RRCAN,B03F6,59,2.27
2019-03-12,RRCAN,B0433,58,2.36
2019-03-12,RRCAN,B0442,58,2.29
2019-03-12,RRCAN,B0459,59,2.35
2019-03-12,RRCAN,B0465,59,2.12
2019-03-12,RRCAN,B046C,63,2.76
2019-03-12,RRCAN,B0472,62,2.47
2019-03-12,RRCAN,B047A,59,2.05
2019-03-12,RRCAN,B0485,72,4.26
2019-03-12,RRCAN,B048D,66,2.91
2019-03-12,RRCAN,B049E,60,2.43
2019-03-12,RRCAN,B04BA,59,2.05
2019-03-12,RRCAN,B04BC,64,2.82
2019-03-12,RRCAN,B04C5,59,2.3
2019-03-12,RRCAN,B04CA,64,2.63
2019-03-12,RRCAN,D6E7D,59,2.22
2019-03-12,RRCAN,D6E84,62,2.7
2019-03-12,RRCAN,D6E92,62,2.95
2019-03-12,RRCAN,D6EA0,54,1.95
2019-03-12,RRCAN,D6EAC,60,2.25
2019-03-12,RRCAN,D6EBD,61,2.53
2019-03-12,RRCAN,D6ECA,61,2.45
2019-03-12,RRCAN,D6ECE,58,2.21
2019-03-12,RRSAC1,B03B3,52,1.48
2019-03-12,RRSAC1,B03C9,49,1.2
2019-03-12,RRSAC1,B03D6,53,1.7
2019-03-12,RRSAC1,B03EB,54,1.74
2019-03-12,RRSAC1,B0415,NA,NA
2019-03-12,RRSAC1,B0421,49,1.2
2019-03-12,RRSAC1,B042D,57,1.78
2019-03-12,RRSAC1,B0431,54,1.55
2019-03-12,RRSAC1,B0435,50,1.24
2019-03-12,RRSAC1,B043F,51,1.34
2019-03-12,RRSAC1,B0441,57,1.71
2019-03-12,RRSAC1,B0445,49,1.07
2019-03-12,RRSAC1,B044F,NA,NA
2019-03-12,RRSAC1,B0467,NA,NA
2019-03-12,RRSAC1,B0489,52,1.41
2019-03-12,RRSAC1,B0490,49,1.21
2019-03-12,RRSAC1,B04A4,49,1.3
2019-03-12,RRSAC1,B04AC,53,1.65
2019-03-12,RRSAC1,B04BB,53,1.69
2019-03-12,RRSAC1,B04C3,53,1.49
2019-03-12,RRSAC1,B04C9,56,1.81
2019-03-12,RRSAC1,D6E76,52,1.33
2019-03-12,RRSAC1,D6E96,60,NA
2019-03-12,RRSAC1,D6E9A,51,1.34
2019-03-12,RRSAC1,D6EB0,56,1.81
2019-03-12,RRSAC1,D6EC5,52,1.45
2019-03-12,RRSAC2A,B03A9,53,1.79
2019-03-12,RRSAC2A,B03B1,54,1.74
2019-03-12,RRSAC2A,B03DF,55,2.23
2019-03-12,RRSAC2A,B0409,53,1.44
2019-03-12,RRSAC2A,B0413,55,1.87
2019-03-12,RRSAC2A,B0419,52,1.43
2019-03-12,RRSAC2A,B04A6,52,1.64
2019-03-12,RRSAC2A,B04AB,55,2.2
2019-03-12,RRSAC2A,D6E7F,60,2.26
2019-03-12,RRSAC2A,D6E83,57,2.19
2019-03-12,RRSAC2A,D6E8C,59,2.19
2019-03-12,RRSAC2A,D6E8E,53,1.62
2019-03-12,RRSAC2A,D6EAB,NA,NA
2019-03-12,RRSAC2A,D6EAF,53,1.7
2019-03-12,RRSAC2A,D6EB1,54,1.63
2019-03-12,RRSAC2B,B03D2,53,1.28
2019-03-12,RRSAC2B,B03D5,NA,NA
2019-03-12,RRSAC2B,B03DD,54,1.77
2019-03-12,RRSAC2B,B03F2,57,1.68
2019-03-12,RRSAC2B,B040E,53,1.58
2019-03-12,RRSAC2B,B0429,55,1.68
2019-03-12,RRSAC2B,B0446,56,1.86
2019-03-12,RRSAC2B,B0453,60,2.09
2019-03-12,RRSAC2B,B0455,55,1.9
2019-03-12,RRSAC2B,B0476,55,1.73
2019-03-12,RRSAC2B,B0494,55,1.88
2019-03-12,RRSAC2B,B04A0,54,1.82
2019-03-12,RRSAC2B,B04AD,54,1.58
2019-03-12,RRSAC2B,B04AE,59,1.91
2019-03-12,RRSAC2B,D6E78,59,2.4
2019-03-12,RRSAC2B,D6E85,NA,NA
2019-03-12,RRSAC2B,D6E9B,55,1.91
2019-03-12,RRSAC3,B03AA,45,0.98
2019-03-12,RRSAC3,B03B4,59,2.12
2019-03-12,RRSAC3,B03D1,48,1.2
2019-03-12,RRSAC3,B03D7,NA,NA
2019-03-12,RRSAC3,B03D8,54,1.61
2019-03-12,RRSAC3,B03D9,50,1.31
2019-03-12,RRSAC3,B03E8,57,1.71
2019-03-12,RRSAC3,B0406,NA,NA
2019-03-12,RRSAC3,B041D,NA,NA
2019-03-12,RRSAC3,B0423,50,1.28
2019-03-12,RRSAC3,B043D,55,1.7
2019-03-12,RRSAC3,B0448,55,1.75
2019-03-12,RRSAC3,B044A,52,1.41
2019-03-12,RRSAC3,B0456,49,1.26
2019-03-12,RRSAC3,B047E,NA,NA
2019-03-12,RRSAC3,B0481,51,1.39
2019-03-12,RRSAC3,B0488,52,1.42
2019-03-12,RRSAC3,B04B0,51,1.36
2019-03-12,RRSAC3,B04B1,45,0.96
2019-03-12,RRSAC3,B04B3,49,1.1
2019-03-12,RRSAC3,B04B7,55,1.74
2019-03-12,RRSAC3,B04C7,NA,NA
2019-03-12,RRSAC3,B04C8,57,1.84
2019-03-12,RRSAC3,B04CB,52,1.47
2019-03-12,RRSAC3,D6E80,54,1.53
2019-03-12,RRSAC3,D6EC1,53,1.46
2019-03-12,RRSAC3,D6ED1,54,1.67
2019-03-12,RRSAC4,B03A6,53,1.56
2019-03-12,RRSAC4,B03C4,53,1.49
2019-03-12,RRSAC4,B03D3,51,1.42
2019-03-12,RRSAC4,B03E2,55,1.58
2019-03-12,RRSAC4,B0408,53,1.76
2019-03-12,RRSAC4,B0418,51,1.45
2019-03-12,RRSAC4,B041F,50,1.34
2019-03-12,RRSAC4,B042A,52,1.36
2019-03-12,RRSAC4,B0434,53,1.51
2019-03-12,RRSAC4,B0437,56,1.83
2019-03-12,RRSAC4,B0443,54,1.64
2019-03-12,RRSAC4,B044B,51,1.39
2019-03-12,RRSAC4,B044D,55,1.58
2019-03-12,RRSAC4,B0462,54,1.42
2019-03-12,RRSAC4,B0474,58,1.8
2019-03-12,RRSAC4,B0487,57,1.95
2019-03-12,RRSAC4,B048B,53,1.61
2019-03-12,RRSAC4,B04B6,59,1.97
2019-03-12,RRSAC4,B04B8,NA,NA
2019-03-12,RRSAC4,D6E7B,58,1.82
2019-03-12,RRSAC4,D6E88,54,1.67
2019-03-12,RRSAC4,D6E89,50,1.45
2019-03-12,RRSAC4,D6E95,56,1.72
2019-03-12,RRSAC4,D6E99,NA,NA
2019-03-12,RRSAC4,D6E9C,54,1.64
2019-03-12,RRSAC4,D6EA5,54,1.62
2019-03-12,RRSAC4,D6EA9,60,2.35
2019-03-12,RRSAC4,D6EB5,NA,NA
2019-03-12,RRSAC4,D6ECB,55,1.59
2019-03-12,RRSAC4,D6ED0,58,2.16
2019-03-19,ELDSAC,B03F5,NA,NA
2019-03-19,ELDSAC,B040B,NA,NA
2019-03-19,ELDSAC,B0410,NA,NA
2019-03-19,ELDSAC,B0425,52,1.4
2019-03-19,ELDSAC,B0439,NA,NA
2019-03-19,ELDSAC,B045F,NA,NA
2019-03-19,ELDSAC,B046F,56,1.7
2019-03-19,ELDSAC,D6EBA,53,1.41
2019-03-19,RRCAN,B03AF,62,2.77
2019-03-19,RRCAN,B03C7,55,1.74
2019-03-19,RRCAN,B03F6,62,2.77
2019-03-19,RRCAN,B0433,61,2.63
2019-03-19,RRCAN,B0442,59,2.17
2019-03-19,RRCAN,B0459,60,2.64
2019-03-19,RRCAN,B0465,59,2.2
2019-03-19,RRCAN,B046C,65,2.75
2019-03-19,RRCAN,B0472,62,2.53
2019-03-19,RRCAN,B047A,60,2.17
2019-03-19,RRCAN,B0485,74,4.4
2019-03-19,RRCAN,B048D,65,2.95
2019-03-19,RRCAN,B049E,62,2.6
2019-03-19,RRCAN,B04BA,59,2.2
2019-03-19,RRCAN,B04BC,65,2.98
2019-03-19,RRCAN,B04C5,61,2.65
2019-03-19,RRCAN,B04CA,64,2.72
2019-03-19,RRCAN,D6E7D,60,2.4
2019-03-19,RRCAN,D6E84,62,2.66
2019-03-19,RRCAN,D6E92,64,3.1
2019-03-19,RRCAN,D6EA0,58,2.31
2019-03-19,RRCAN,D6EAC,62,2.33
2019-03-19,RRCAN,D6EBD,62,2.57
2019-03-19,RRCAN,D6ECA,62,2.35
2019-03-19,RRCAN,D6ECE,60,2.55
2019-03-19,RRSAC1,B03B3,52,1.99
2019-03-19,RRSAC1,B03C9,50,1.61
2019-03-19,RRSAC1,B03D6,55,2.25
2019-03-19,RRSAC1,B03EB,57,2.42
2019-03-19,RRSAC1,B0415,NA,NA
2019-03-19,RRSAC1,B0421,51,1.72
2019-03-19,RRSAC1,B042D,59,2.39
2019-03-19,RRSAC1,B0431,54,1.97
2019-03-19,RRSAC1,B0435,51,1.61
2019-03-19,RRSAC1,B043F,53,1.53
2019-03-19,RRSAC1,B0441,58,2.33
2019-03-19,RRSAC1,B0445,50,1.61
2019-03-19,RRSAC1,B044F,NA,NA
2019-03-19,RRSAC1,B0467,NA,NA
2019-03-19,RRSAC1,B0489,53,2.03
2019-03-19,RRSAC1,B0490,50,1.79
2019-03-19,RRSAC1,B04A4,50,1.9
2019-03-19,RRSAC1,B04AC,54,2.05
2019-03-19,RRSAC1,B04BB,55,2.66
2019-03-19,RRSAC1,B04C3,52,NA
2019-03-19,RRSAC1,B04C9,56,2.59
2019-03-19,RRSAC1,D6E76,53,1.83
2019-03-19,RRSAC1,D6E96,63,3.04
2019-03-19,RRSAC1,D6E9A,53,1.73
2019-03-19,RRSAC1,D6EB0,56,2.12
2019-03-19,RRSAC1,D6EC5,53,2.12
2019-03-19,RRSAC2A,B03A9,57,2.49
2019-03-19,RRSAC2A,B03B1,59,2.23
2019-03-19,RRSAC2A,B03DF,60,2.61
2019-03-19,RRSAC2A,B0409,55,1.99
2019-03-19,RRSAC2A,B0413,58,2.48
2019-03-19,RRSAC2A,B0419,56,2
2019-03-19,RRSAC2A,B04A6,54,1.72
2019-03-19,RRSAC2A,B04AB,60,2.77
2019-03-19,RRSAC2A,D6E7F,62,2.65
2019-03-19,RRSAC2A,D6E83,63,2.47
2019-03-19,RRSAC2A,D6E8C,63,2.89
2019-03-19,RRSAC2A,D6E8E,54,1.73
2019-03-19,RRSAC2A,D6EAB,NA,NA
2019-03-19,RRSAC2A,D6EAF,59,2.36
2019-03-19,RRSAC2A,D6EB1,58,2.2
2019-03-19,RRSAC2B,B03D2,55,1.52
2019-03-19,RRSAC2B,B03D5,NA,NA
2019-03-19,RRSAC2B,B03DD,57,2.23
2019-03-19,RRSAC2B,B03F2,58,2.15
2019-03-19,RRSAC2B,B040E,55,1.94
2019-03-19,RRSAC2B,B0429,58,2.21
2019-03-19,RRSAC2B,B0446,57,2.15
2019-03-19,RRSAC2B,B0453,61,2.55
2019-03-19,RRSAC2B,B0455,58,2.28
2019-03-19,RRSAC2B,B0476,57,2.04
2019-03-19,RRSAC2B,B0494,58,2.3
2019-03-19,RRSAC2B,B04A0,57,2.12
2019-03-19,RRSAC2B,B04AD,53,2.03
2019-03-19,RRSAC2B,B04AE,59,2.28
2019-03-19,RRSAC2B,D6E78,63,2.96
2019-03-19,RRSAC2B,D6E85,NA,NA
2019-03-19,RRSAC2B,D6E9B,58,2.4
2019-03-19,RRSAC3,B03AA,47,1.1
2019-03-19,RRSAC3,B03B4,58,2.2
2019-03-19,RRSAC3,B03D1,50,1.33
2019-03-19,RRSAC3,B03D7,NA,NA
2019-03-19,RRSAC3,B03D8,55,1.67
2019-03-19,RRSAC3,B03D9,51,1.44
2019-03-19,RRSAC3,B03E8,57,1.76
2019-03-19,RRSAC3,B0406,NA,NA
2019-03-19,RRSAC3,B041D,NA,NA
2019-03-19,RRSAC3,B0423,53,1.46
2019-03-19,RRSAC3,B043D,56,1.88
2019-03-19,RRSAC3,B0448,57,1.82
2019-03-19,RRSAC3,B044A,53,1.42
2019-03-19,RRSAC3,B0456,49,1.44
2019-03-19,RRSAC3,B047E,NA,NA
2019-03-19,RRSAC3,B0481,52,1.49
2019-03-19,RRSAC3,B0488,52,1.54
2019-03-19,RRSAC3,B04B0,53,1.49
2019-03-19,RRSAC3,B04B1,46,1.05
2019-03-19,RRSAC3,B04B3,50,1.18
2019-03-19,RRSAC3,B04B7,56,1.83
2019-03-19,RRSAC3,B04C7,NA,NA
2019-03-19,RRSAC3,B04C8,57,2.01
2019-03-19,RRSAC3,B04CB,53,1.53
2019-03-19,RRSAC3,D6E80,54,1.88
2019-03-19,RRSAC3,D6EC1,52,1.53
2019-03-19,RRSAC3,D6ED1,55,1.89
2019-03-19,RRSAC4,B03A6,54,2.09
2019-03-19,RRSAC4,B03C4,54,2.09
2019-03-19,RRSAC4,B03D3,54,2.01
2019-03-19,RRSAC4,B03E2,57,2.06
2019-03-19,RRSAC4,B0408,56,2.6
2019-03-19,RRSAC4,B0418,55,2.1
2019-03-19,RRSAC4,B041F,52,1.9
2019-03-19,RRSAC4,B042A,53,1.76
2019-03-19,RRSAC4,B0434,55,2.07
2019-03-19,RRSAC4,B0437,58,2.46
2019-03-19,RRSAC4,B0443,55,2.16
2019-03-19,RRSAC4,B044B,54,2.01
2019-03-19,RRSAC4,B044D,55,2.05
2019-03-19,RRSAC4,B0462,55,2.02
2019-03-19,RRSAC4,B0474,60,2.43
2019-03-19,RRSAC4,B0487,58,2.72
2019-03-19,RRSAC4,B048B,56,2.02
2019-03-19,RRSAC4,B04B6,60,2.72
2019-03-19,RRSAC4,B04B8,NA,NA
2019-03-19,RRSAC4,D6E7B,58,2.48
2019-03-19,RRSAC4,D6E88,56,2.33
2019-03-19,RRSAC4,D6E89,52,2.13
2019-03-19,RRSAC4,D6E95,58,2.71
2019-03-19,RRSAC4,D6E99,NA,NA
2019-03-19,RRSAC4,D6E9C,55,2.11
2019-03-19,RRSAC4,D6EA5,55,2.13
2019-03-19,RRSAC4,D6EA9,61,2.9
2019-03-19,RRSAC4,D6EB5,NA,NA
2019-03-19,RRSAC4,D6ECB,58,2.32
2019-03-19,RRSAC4,D6ED0,62,3.09
2019-03-26,ELDSAC,B03F5,NA,NA
2019-03-26,ELDSAC,B040B,NA,NA
2019-03-26,ELDSAC,B0410,NA,NA
2019-03-26,ELDSAC,B0425,53,1.36
2019-03-26,ELDSAC,B0439,NA,NA
2019-03-26,ELDSAC,B045F,NA,NA
2019-03-26,ELDSAC,B046F,58,2.05
2019-03-26,ELDSAC,D6EBA,53,1.53
2019-03-26,RRCAN,B03AF,63,2.9
2019-03-26,RRCAN,B03C7,56,1.91
2019-03-26,RRCAN,B03F6,63,2.86
2019-03-26,RRCAN,B0433,64,2.95
2019-03-26,RRCAN,B0442,58,2.14
2019-03-26,RRCAN,B0459,63,2.65
2019-03-26,RRCAN,B0465,60,2.47
2019-03-26,RRCAN,B046C,64,2.86
2019-03-26,RRCAN,B0472,63,2.6
2019-03-26,RRCAN,B047A,60,2.4
2019-03-26,RRCAN,B0485,75,4.83
2019-03-26,RRCAN,B048D,66,3.12
2019-03-26,RRCAN,B049E,62,2.6
2019-03-26,RRCAN,B04BA,62,2.45
2019-03-26,RRCAN,B04BC,65,3.04
2019-03-26,RRCAN,B04C5,61,2.66
2019-03-26,RRCAN,B04CA,66,2.92
2019-03-26,RRCAN,D6E7D,61,2.54
2019-03-26,RRCAN,D6E84,63,2.9
2019-03-26,RRCAN,D6E92,64,3.12
2019-03-26,RRCAN,D6EA0,60,2.16
2019-03-26,RRCAN,D6EAC,62,2.45
2019-03-26,RRCAN,D6EBD,62,2.56
2019-03-26,RRCAN,D6ECA,63,2.26
2019-03-26,RRCAN,D6ECE,60,2.64
2019-03-26,RRSAC1,B03B3,55,1.91
2019-03-26,RRSAC1,B03C9,53,1.71
2019-03-26,RRSAC1,B03D6,57,2.33
2019-03-26,RRSAC1,B03EB,60,2.58
2019-03-26,RRSAC1,B0415,NA,NA
2019-03-26,RRSAC1,B0421,55,1.8
2019-03-26,RRSAC1,B042D,62,2.54
2019-03-26,RRSAC1,B0431,58,2.13
2019-03-26,RRSAC1,B0435,55,1.85
2019-03-26,RRSAC1,B043F,54,1.71
2019-03-26,RRSAC1,B0441,62,2.37
2019-03-26,RRSAC1,B0445,52,1.69
2019-03-26,RRSAC1,B044F,NA,NA
2019-03-26,RRSAC1,B0467,NA,NA
2019-03-26,RRSAC1,B0489,58,2.3
2019-03-26,RRSAC1,B0490,55,1.94
2019-03-26,RRSAC1,B04A4,53,1.76
2019-03-26,RRSAC1,B04AC,56,2.1
2019-03-26,RRSAC1,B04BB,60,2.69
2019-03-26,RRSAC1,B04C3,52,1.42
2019-03-26,RRSAC1,B04C9,61,2.72
2019-03-26,RRSAC1,D6E76,57,2.02
2019-03-26,RRSAC1,D6E96,67,3.51
2019-03-26,RRSAC1,D6E9A,57,2.04
2019-03-26,RRSAC1,D6EB0,55,2.28
2019-03-26,RRSAC1,D6EC5,58,2.29
2019-03-26,RRSAC2A,B03A9,61,3.07
2019-03-26,RRSAC2A,B03B1,62,2.67
2019-03-26,RRSAC2A,B03DF,64,2.99
2019-03-26,RRSAC2A,B0409,60,2.5
2019-03-26,RRSAC2A,B0413,62,2.89
2019-03-26,RRSAC2A,B0419,62,2.43
2019-03-26,RRSAC2A,B04A6,57,2.01
2019-03-26,RRSAC2A,B04AB,64,3.09
2019-03-26,RRSAC2A,D6E7F,66,3.2
2019-03-26,RRSAC2A,D6E83,66,3.26
2019-03-26,RRSAC2A,D6E8C,66,3.4
2019-03-26,RRSAC2A,D6E8E,55,1.81
2019-03-26,RRSAC2A,D6EAB,NA,NA
2019-03-26,RRSAC2A,D6EAF,62,2.74
2019-03-26,RRSAC2A,D6EB1,63,2.63
2019-03-26,RRSAC2B,B03D2,56,1.8
2019-03-26,RRSAC2B,B03D5,NA,NA
2019-03-26,RRSAC2B,B03DD,59,2.48
2019-03-26,RRSAC2B,B03F2,59,2.26
2019-03-26,RRSAC2B,B040E,57,2.21
2019-03-26,RRSAC2B,B0429,60,2.29
2019-03-26,RRSAC2B,B0446,58,2.15
2019-03-26,RRSAC2B,B0453,62,2.65
2019-03-26,RRSAC2B,B0455,60,2.58
2019-03-26,RRSAC2B,B0476,59,2.19
2019-03-26,RRSAC2B,B0494,60,2.58
2019-03-26,RRSAC2B,B04A0,58,2.31
2019-03-26,RRSAC2B,B04AD,59,2.32
2019-03-26,RRSAC2B,B04AE,61,2.4
2019-03-26,RRSAC2B,D6E78,65,2.96
2019-03-26,RRSAC2B,D6E85,NA,NA
2019-03-26,RRSAC2B,D6E9B,61,2.7
2019-03-26,RRSAC3,B03AA,49,1.42
2019-03-26,RRSAC3,B03B4,59,2.57
2019-03-26,RRSAC3,B03D1,53,1.48
2019-03-26,RRSAC3,B03D7,NA,NA
2019-03-26,RRSAC3,B03D8,56,1.84
2019-03-26,RRSAC3,B03D9,52,1.7
2019-03-26,RRSAC3,B03E8,56,1.75
2019-03-26,RRSAC3,B0406,NA,NA
2019-03-26,RRSAC3,B041D,NA,NA
2019-03-26,RRSAC3,B0423,54,1.61
2019-03-26,RRSAC3,B043D,55,2.06
2019-03-26,RRSAC3,B0448,58,2.06
2019-03-26,RRSAC3,B044A,55,1.41
2019-03-26,RRSAC3,B0456,52,1.58
2019-03-26,RRSAC3,B047E,NA,NA
2019-03-26,RRSAC3,B0481,54,1.67
2019-03-26,RRSAC3,B0488,54,1.76
2019-03-26,RRSAC3,B04B0,53,1.56
2019-03-26,RRSAC3,B04B1,47,1.14
2019-03-26,RRSAC3,B04B3,51,1.27
2019-03-26,RRSAC3,B04B7,57,1.97
2019-03-26,RRSAC3,B04C7,NA,NA
2019-03-26,RRSAC3,B04C8,58,2.24
2019-03-26,RRSAC3,B04CB,53,1.7
2019-03-26,RRSAC3,D6E80,57,2.16
2019-03-26,RRSAC3,D6EC1,54,1.84
2019-03-26,RRSAC3,D6ED1,56,2.03
2019-03-26,RRSAC4,B03A6,57,2.23
2019-03-26,RRSAC4,B03C4,58,2.41
2019-03-26,RRSAC4,B03D3,59,2.18
2019-03-26,RRSAC4,B03E2,62,2.56
2019-03-26,RRSAC4,B0408,61,2.95
2019-03-26,RRSAC4,B0418,60,2.38
2019-03-26,RRSAC4,B041F,55,2.01
2019-03-26,RRSAC4,B042A,57,1.96
2019-03-26,RRSAC4,B0434,58,2.18
2019-03-26,RRSAC4,B0437,62,2.71
2019-03-26,RRSAC4,B0443,59,2.52
2019-03-26,RRSAC4,B044B,58,2.36
2019-03-26,RRSAC4,B044D,59,2.41
2019-03-26,RRSAC4,B0462,57,1.91
2019-03-26,RRSAC4,B0474,64,2.84
2019-03-26,RRSAC4,B0487,62,3.07
2019-03-26,RRSAC4,B048B,59,2.28
2019-03-26,RRSAC4,B04B6,65,3.02
2019-03-26,RRSAC4,B04B8,NA,NA
2019-03-26,RRSAC4,D6E7B,61,2.99
2019-03-26,RRSAC4,D6E88,58,2.4
2019-03-26,RRSAC4,D6E89,56,2.46
2019-03-26,RRSAC4,D6E95,64,3.08
2019-03-26,RRSAC4,D6E99,NA,NA
2019-03-26,RRSAC4,D6E9C,58,2.39
2019-03-26,RRSAC4,D6EA5,60,2.56
2019-03-26,RRSAC4,D6EA9,65,3.12
2019-03-26,RRSAC4,D6EB5,NA,NA
2019-03-26,RRSAC4,D6ECB,61,2.68
2019-03-26,RRSAC4,D6ED0,64,3.17
2019-04-02,ELDSAC,B03F5,NA,NA
2019-04-02,ELDSAC,B040B,NA,NA
2019-04-02,ELDSAC,B0410,NA,NA
2019-04-02,ELDSAC,B0425,NA,NA
2019-04-02,ELDSAC,B0439,NA,NA
2019-04-02,ELDSAC,B045F,NA,NA
2019-04-02,ELDSAC,B046F,59,2.2
2019-04-02,ELDSAC,D6EBA,53,1.58
2019-04-02,RRCAN,B03AF,64,3.02
2019-04-02,RRCAN,B03C7,58,2.1
2019-04-02,RRCAN,B03F6,66,3.06
2019-04-02,RRCAN,B0433,64,2.88
2019-04-02,RRCAN,B0442,59,2.15
2019-04-02,RRCAN,B0459,63,2.7
2019-04-02,RRCAN,B0465,62,2.49
2019-04-02,RRCAN,B046C,65,3.08
2019-04-02,RRCAN,B0472,63,2.7
2019-04-02,RRCAN,B047A,62,2.41
2019-04-02,RRCAN,B0485,78,5.06
2019-04-02,RRCAN,B048D,67,3.13
2019-04-02,RRCAN,B049E,63,2.81
2019-04-02,RRCAN,B04BA,63,2.51
2019-04-02,RRCAN,B04BC,66,3.03
2019-04-02,RRCAN,B04C5,63,2.75
2019-04-02,RRCAN,B04CA,NA,3.03
2019-04-02,RRCAN,D6E7D,62,2.67
2019-04-02,RRCAN,D6E84,64,2.77
2019-04-02,RRCAN,D6E92,65,3.15
2019-04-02,RRCAN,D6EA0,60,2.24
2019-04-02,RRCAN,D6EAC,62,2.51
2019-04-02,RRCAN,D6EBD,63,2.74
2019-04-02,RRCAN,D6ECA,63,2.51
2019-04-02,RRCAN,D6ECE,61,2.56
2019-04-02,RRSAC1,B03B3,55,1.79
2019-04-02,RRSAC1,B03C9,58,1.96
2019-04-02,RRSAC1,B03D6,58,2.19
2019-04-02,RRSAC1,B03EB,64,3.14
2019-04-02,RRSAC1,B0415,NA,NA
2019-04-02,RRSAC1,B0421,58,2.24
2019-04-02,RRSAC1,B042D,65,2.83
2019-04-02,RRSAC1,B0431,59,2.45
2019-04-02,RRSAC1,B0435,58,2.28
2019-04-02,RRSAC1,B043F,55,1.93
2019-04-02,RRSAC1,B0441,64,2.93
2019-04-02,RRSAC1,B0445,54,1.9
2019-04-02,RRSAC1,B044F,NA,NA
2019-04-02,RRSAC1,B0467,NA,NA
2019-04-02,RRSAC1,B0489,60,2.33
2019-04-02,RRSAC1,B0490,58,2.07
2019-04-02,RRSAC1,B04A4,54,2
2019-04-02,RRSAC1,B04AC,58,2.43
2019-04-02,RRSAC1,B04BB,61,2.79
2019-04-02,RRSAC1,B04C3,53,1.56
2019-04-02,RRSAC1,B04C9,64,3.17
2019-04-02,RRSAC1,D6E76,58,2.26
2019-04-02,RRSAC1,D6E96,71,3.94
2019-04-02,RRSAC1,D6E9A,59,2.24
2019-04-02,RRSAC1,D6EB0,59,2.54
2019-04-02,RRSAC1,D6EC5,60,2.48
2019-04-02,RRSAC2A,B03A9,65,3.3
2019-04-02,RRSAC2A,B03B1,63,2.79
2019-04-02,RRSAC2A,B03DF,66,3.08
2019-04-02,RRSAC2A,B0409,61,2.7
2019-04-02,RRSAC2A,B0413,65,3.15
2019-04-02,RRSAC2A,B0419,62,2.63
2019-04-02,RRSAC2A,B04A6,57,2.01
2019-04-02,RRSAC2A,B04AB,69,3.7
2019-04-02,RRSAC2A,D6E7F,67,3.43
2019-04-02,RRSAC2A,D6E83,68,3.44
2019-04-02,RRSAC2A,D6E8C,70,4.11
2019-04-02,RRSAC2A,D6E8E,56,1.97
2019-04-02,RRSAC2A,D6EAB,NA,NA
2019-04-02,RRSAC2A,D6EAF,63,2.76
2019-04-02,RRSAC2A,D6EB1,65,2.99
2019-04-02,RRSAC2B,B03D2,59,2.03
2019-04-02,RRSAC2B,B03D5,NA,NA
2019-04-02,RRSAC2B,B03DD,62,3.04
2019-04-02,RRSAC2B,B03F2,61,2.59
2019-04-02,RRSAC2B,B040E,60,2.68
2019-04-02,RRSAC2B,B0429,62,2.7
2019-04-02,RRSAC2B,B0446,61,2.53
2019-04-02,RRSAC2B,B0453,64,2.92
2019-04-02,RRSAC2B,B0455,62,2.97
2019-04-02,RRSAC2B,B0476,62,2.6
2019-04-02,RRSAC2B,B0494,65,2.96
2019-04-02,RRSAC2B,B04A0,61,2.61
2019-04-02,RRSAC2B,B04AD,62,2.64
2019-04-02,RRSAC2B,B04AE,62,2.74
2019-04-02,RRSAC2B,D6E78,65,3.34
2019-04-02,RRSAC2B,D6E85,NA,NA
2019-04-02,RRSAC2B,D6E9B,64,3.14
2019-04-02,RRSAC3,B03AA,51,1.48
2019-04-02,RRSAC3,B03B4,63,2.96
2019-04-02,RRSAC3,B03D1,52,1.6
2019-04-02,RRSAC3,B03D7,NA,NA
2019-04-02,RRSAC3,B03D8,57,1.95
2019-04-02,RRSAC3,B03D9,54,1.78
2019-04-02,RRSAC3,B03E8,57,1.85
2019-04-02,RRSAC3,B0406,NA,NA
2019-04-02,RRSAC3,B041D,NA,NA
2019-04-02,RRSAC3,B0423,55,1.87
2019-04-02,RRSAC3,B043D,57,2.33
2019-04-02,RRSAC3,B0448,59,2.11
2019-04-02,RRSAC3,B044A,54,1.49
2019-04-02,RRSAC3,B0456,52,1.63
2019-04-02,RRSAC3,B047E,NA,NA
2019-04-02,RRSAC3,B0481,55,1.74
2019-04-02,RRSAC3,B0488,55,1.84
2019-04-02,RRSAC3,B04B0,54,1.58
2019-04-02,RRSAC3,B04B1,48,1.3
2019-04-02,RRSAC3,B04B3,52,1.43
2019-04-02,RRSAC3,B04B7,59,2.17
2019-04-02,RRSAC3,B04C7,NA,NA
2019-04-02,RRSAC3,B04C8,59,2.23
2019-04-02,RRSAC3,B04CB,55,1.75
2019-04-02,RRSAC3,D6E80,58,2.34
2019-04-02,RRSAC3,D6EC1,55,1.9
2019-04-02,RRSAC3,D6ED1,56,2.14
2019-04-02,RRSAC4,B03A6,59,2.38
2019-04-02,RRSAC4,B03C4,61,2.67
2019-04-02,RRSAC4,B03D3,59,2.26
2019-04-02,RRSAC4,B03E2,63,2.64
2019-04-02,RRSAC4,B0408,62,3.11
2019-04-02,RRSAC4,B0418,61,2.68
2019-04-02,RRSAC4,B041F,57,2.26
2019-04-02,RRSAC4,B042A,57,2.12
2019-04-02,RRSAC4,B0434,59,2.41
2019-04-02,RRSAC4,B0437,63,2.92
2019-04-02,RRSAC4,B0443,61,2.76
2019-04-02,RRSAC4,B044B,63,2.56
2019-04-02,RRSAC4,B044D,60,2.48
2019-04-02,RRSAC4,B0462,57,2.13
2019-04-02,RRSAC4,B0474,67,3.06
2019-04-02,RRSAC4,B0487,65,3.18
2019-04-02,RRSAC4,B048B,60,2.45
2019-04-02,RRSAC4,B04B6,66,3.14
2019-04-02,RRSAC4,B04B8,NA,NA
2019-04-02,RRSAC4,D6E7B,63,3.07
2019-04-02,RRSAC4,D6E88,60,2.62
2019-04-02,RRSAC4,D6E89,57,2.66
2019-04-02,RRSAC4,D6E95,66,3.3
2019-04-02,RRSAC4,D6E99,NA,NA
2019-04-02,RRSAC4,D6E9C,60,2.54
2019-04-02,RRSAC4,D6EA5,62,2.81
2019-04-02,RRSAC4,D6EA9,66,3.44
2019-04-02,RRSAC4,D6EB5,NA,NA
2019-04-02,RRSAC4,D6ECB,62,2.94
2019-04-02,RRSAC4,D6ED0,66,3.55
2019-04-09,ELDSAC,B03F5,NA,NA
2019-04-09,ELDSAC,B040B,NA,NA
2019-04-09,ELDSAC,B0410,NA,NA
2019-04-09,ELDSAC,B0425,NA,NA
2019-04-09,ELDSAC,B0439,NA,NA
2019-04-09,ELDSAC,B045F,NA,NA
2019-04-09,ELDSAC,B046F,61,2.44
2019-04-09,ELDSAC,D6EBA,54,1.68
2019-04-09,RRCAN,B03AF,65,2.87
2019-04-09,RRCAN,B03C7,57,2
2019-04-09,RRCAN,B03F6,66,3.1
2019-04-09,RRCAN,B0433,64,2.76
2019-04-09,RRCAN,B0442,61,2.18
2019-04-09,RRCAN,B0459,63,2.44
2019-04-09,RRCAN,B0465,62,2.68
2019-04-09,RRCAN,B046C,65,3.13
2019-04-09,RRCAN,B0472,63,2.59
2019-04-09,RRCAN,B047A,62,2.74
2019-04-09,RRCAN,B0485,80,5.56
2019-04-09,RRCAN,B048D,67,3.08
2019-04-09,RRCAN,B049E,63,2.77
2019-04-09,RRCAN,B04BA,62,2.53
2019-04-09,RRCAN,B04BC,66,2.66
2019-04-09,RRCAN,B04C5,62,2.64
2019-04-09,RRCAN,B04CA,66,2.91
2019-04-09,RRCAN,D6E7D,63,2.62
2019-04-09,RRCAN,D6E84,63,2.96
2019-04-09,RRCAN,D6E92,65,3.01
2019-04-09,RRCAN,D6EA0,59,2.22
2019-04-09,RRCAN,D6EAC,61,2.55
2019-04-09,RRCAN,D6EBD,63,2.77
2019-04-09,RRCAN,D6ECA,62,2.36
2019-04-09,RRCAN,D6ECE,61,2.59
2019-04-09,RRSAC1,B03B3,58,2.05
2019-04-09,RRSAC1,B03C9,59,2.33
2019-04-09,RRSAC1,B03D6,59,2.37
2019-04-09,RRSAC1,B03EB,66,3.69
2019-04-09,RRSAC1,B0415,NA,NA
2019-04-09,RRSAC1,B0421,63,2.77
2019-04-09,RRSAC1,B042D,69,3.32
2019-04-09,RRSAC1,B0431,63,3.11
2019-04-09,RRSAC1,B0435,61,2.73
2019-04-09,RRSAC1,B043F,58,2.29
2019-04-09,RRSAC1,B0441,68,3.65
2019-04-09,RRSAC1,B0445,56,2.15
2019-04-09,RRSAC1,B044F,NA,NA
2019-04-09,RRSAC1,B0467,NA,NA
2019-04-09,RRSAC1,B0489,62,2.74
2019-04-09,RRSAC1,B0490,60,2.67
2019-04-09,RRSAC1,B04A4,59,2.46
2019-04-09,RRSAC1,B04AC,61,3.01
2019-04-09,RRSAC1,B04BB,65,3.53
2019-04-09,RRSAC1,B04C3,55,1.76
2019-04-09,RRSAC1,B04C9,68,3.84
2019-04-09,RRSAC1,D6E76,62,2.68
2019-04-09,RRSAC1,D6E96,75,4.76
2019-04-09,RRSAC1,D6E9A,63,2.73
2019-04-09,RRSAC1,D6EB0,62,2.86
2019-04-09,RRSAC1,D6EC5,65,2.99
2019-04-09,RRSAC2A,B03A9,68,3.86
2019-04-09,RRSAC2A,B03B1,65,2.46
2019-04-09,RRSAC2A,B03DF,67,3.32
2019-04-09,RRSAC2A,B0409,65,3.2
2019-04-09,RRSAC2A,B0413,67,3.45
2019-04-09,RRSAC2A,B0419,65,2.96
2019-04-09,RRSAC2A,B04A6,57,1.96
2019-04-09,RRSAC2A,B04AB,70,4.34
2019-04-09,RRSAC2A,D6E7F,69,3.97
2019-04-09,RRSAC2A,D6E83,70,3.97
2019-04-09,RRSAC2A,D6E8C,72,4.38
2019-04-09,RRSAC2A,D6E8E,59,2.26
2019-04-09,RRSAC2A,D6EAB,NA,NA
2019-04-09,RRSAC2A,D6EAF,65,3.04
2019-04-09,RRSAC2A,D6EB1,70,3.91
2019-04-09,RRSAC2B,B03D2,61,2.47
2019-04-09,RRSAC2B,B03D5,NA,NA
2019-04-09,RRSAC2B,B03DD,67,3.82
2019-04-09,RRSAC2B,B03F2,63,2.87
2019-04-09,RRSAC2B,B040E,64,3.15
2019-04-09,RRSAC2B,B0429,65,2.88
2019-04-09,RRSAC2B,B0446,64,2.91
2019-04-09,RRSAC2B,B0453,68,3.38
2019-04-09,RRSAC2B,B0455,66,3.48
2019-04-09,RRSAC2B,B0476,65,3.14
2019-04-09,RRSAC2B,B0494,67,3.64
2019-04-09,RRSAC2B,B04A0,63,2.98
2019-04-09,RRSAC2B,B04AD,65,3.14
2019-04-09,RRSAC2B,B04AE,64,2.85
2019-04-09,RRSAC2B,D6E78,67,3.48
2019-04-09,RRSAC2B,D6E85,NA,NA
2019-04-09,RRSAC2B,D6E9B,67,3.63
2019-04-09,RRSAC3,B03AA,53,1.73
2019-04-09,RRSAC3,B03B4,65,3.14
2019-04-09,RRSAC3,B03D1,54,1.64
2019-04-09,RRSAC3,B03D7,NA,NA
2019-04-09,RRSAC3,B03D8,59,2.26
2019-04-09,RRSAC3,B03D9,55,2.01
2019-04-09,RRSAC3,B03E8,57,2.03
2019-04-09,RRSAC3,B0406,NA,NA
2019-04-09,RRSAC3,B041D,NA,NA
2019-04-09,RRSAC3,B0423,58,2.08
2019-04-09,RRSAC3,B043D,61,2.55
2019-04-09,RRSAC3,B0448,60,2.23
2019-04-09,RRSAC3,B044A,55,1.7
2019-04-09,RRSAC3,B0456,52,1.59
2019-04-09,RRSAC3,B047E,NA,NA
2019-04-09,RRSAC3,B0481,53,1.81
2019-04-09,RRSAC3,B0488,56,1.81
2019-04-09,RRSAC3,B04B0,54,1.61
2019-04-09,RRSAC3,B04B1,49,1.3
2019-04-09,RRSAC3,B04B3,52,1.4
2019-04-09,RRSAC3,B04B7,60,2.39
2019-04-09,RRSAC3,B04C7,NA,NA
2019-04-09,RRSAC3,B04C8,60,2.32
2019-04-09,RRSAC3,B04CB,54,1.86
2019-04-09,RRSAC3,D6E80,61,2.4
2019-04-09,RRSAC3,D6EC1,54,1.8
2019-04-09,RRSAC3,D6ED1,57,2.35
2019-04-09,RRSAC4,B03A6,60,2.68
2019-04-09,RRSAC4,B03C4,64,3.24
2019-04-09,RRSAC4,B03D3,60,2.5
2019-04-09,RRSAC4,B03E2,64,2.73
2019-04-09,RRSAC4,B0408,65,3.35
2019-04-09,RRSAC4,B0418,67,3.2
2019-04-09,RRSAC4,B041F,57,2.24
2019-04-09,RRSAC4,B042A,57,2.21
2019-04-09,RRSAC4,B0434,60,2.61
2019-04-09,RRSAC4,B0437,65,3.09
2019-04-09,RRSAC4,B0443,63,3.04
2019-04-09,RRSAC4,B044B,65,2.85
2019-04-09,RRSAC4,B044D,63,2.73
2019-04-09,RRSAC4,B0462,57,2.21
2019-04-09,RRSAC4,B0474,70,3.48
2019-04-09,RRSAC4,B0487,67,3.57
2019-04-09,RRSAC4,B048B,63,2.84
2019-04-09,RRSAC4,B04B6,69,3.71
2019-04-09,RRSAC4,B04B8,NA,NA
2019-04-09,RRSAC4,D6E7B,65,3.31
2019-04-09,RRSAC4,D6E88,62,2.8
2019-04-09,RRSAC4,D6E89,58,2.7
2019-04-09,RRSAC4,D6E95,70,3.93
2019-04-09,RRSAC4,D6E99,NA,NA
2019-04-09,RRSAC4,D6E9C,62,2.89
2019-04-09,RRSAC4,D6EA5,65,3.41
2019-04-09,RRSAC4,D6EA9,68,3.55
2019-04-09,RRSAC4,D6EB5,NA,NA
2019-04-09,RRSAC4,D6ECB,66,3.36
2019-04-09,RRSAC4,D6ED0,70,4.29
2021-02-09,RRCAN,D93B4F,54,1.52
2021-02-09,RRCAN,D93B63,54,1.52
2021-02-09,RRCAN,D93B68,62,2.16
2021-02-09,RRCAN,D93B6C,55,1.51
2021-02-09,RRCAN,D93B72,53,1.24
2021-02-09,RRCAN,D93B8E,58,1.76
2021-02-09,RRCAN,D93BAC,53,1.37
2021-02-09,RRCAN,D93BAE,56,1.55
2021-02-09,RRCAN,D93BAF,56,1.68
2021-02-09,RRCAN,D93BC3,62,2.74
2021-02-09,RRCAN,D93BCD,60,1.68
2021-02-09,RRCAN,D93BD9,57,1.94
2021-02-09,RRCAN,D93C34,58,1.98
2021-02-09,RRCAN,D93C82,60,2.24
2021-02-09,RRCAN,D93CAE,57,1.56
2021-02-09,RRSAC1,C3887D,55,1.61
2021-02-09,RRSAC1,D93B38,52,1.22
2021-02-09,RRSAC1,D93B56,NA,NA
2021-02-09,RRSAC1,D93B5E,NA,NA
2021-02-09,RRSAC1,D93B6D,59,1.88
2021-02-09,RRSAC1,D93B7B,57,1.58
2021-02-09,RRSAC1,D93B7D,57,1.7
2021-02-09,RRSAC1,D93B7F,NA,NA
2021-02-09,RRSAC1,D93B9C,56,1.55
2021-02-09,RRSAC1,D93BAB,56,1.91
2021-02-09,RRSAC1,D93BE1,55,1.7
2021-02-09,RRSAC1,D93BED,59,1.98
2021-02-09,RRSAC1,D93BF3,58,1.74
2021-02-09,RRSAC1,D93BFD,NA,NA
2021-02-09,RRSAC1,D93C4A,54,1.43
2021-02-09,RRSAC1,D93C64,55,1.49
2021-02-09,RRSAC1,D93C73,54,1.68
2021-02-09,RRSAC1,D93C7B,59,1.81
2021-02-09,RRSAC1,D93CB8,55,1.61
2021-02-09,RRSAC1,DBCEF0,NA,NA
2021-02-09,RRSAC2A,C38870,49,0.97
2021-02-09,RRSAC2A,C388A7,52,1.65
2021-02-09,RRSAC2A,C388A9,54,1.7
2021-02-09,RRSAC2A,C388B4,NA,NA
2021-02-09,RRSAC2A,D93B3D,57,1.63
2021-02-09,RRSAC2A,D93B8B,59,2.2
2021-02-09,RRSAC2A,D93BBC,59,1.99
2021-02-09,RRSAC2A,D93BD5,59,1.81
2021-02-09,RRSAC2A,D93BD7,59,2.16
2021-02-09,RRSAC2A,D93BDC,58,2.29
2021-02-09,RRSAC2A,D93BDD,57,1.73
2021-02-09,RRSAC2A,D93C01,61,2.23
2021-02-09,RRSAC2A,D93C05,53,1.28
2021-02-09,RRSAC2A,D93C4C,51,1.21
2021-02-09,RRSAC2A,D93C5C,56,1.8
2021-02-09,RRSAC2A,D93C97,55,1.58
2021-02-09,RRSAC2A,DBCE18,NA,NA
2021-02-09,RRSAC2A,DBCEEF,NA,NA
2021-02-09,RRSAC2C,D93B76,55,1.53
2021-02-09,RRSAC2C,D93B8C,57,1.69
2021-02-09,RRSAC2C,D93B90,NA,NA
2021-02-09,RRSAC2C,D93B99,59,2.3
2021-02-09,RRSAC2C,D93B9A,53,1.4
2021-02-09,RRSAC2C,D93BA8,58,2.17
2021-02-09,RRSAC2C,D93BD1,53,1.44
2021-02-09,RRSAC2C,D93BEA,58,1.69
2021-02-09,RRSAC2C,D93C14,55,1.42
2021-02-09,RRSAC2C,D93C3F,56,1.78
2021-02-09,RRSAC2C,D93C40,58,1.95
2021-02-09,RRSAC2C,D93C63,56,1.51
2021-02-09,RRSAC2C,D93C6C,55,1.79
2021-02-09,RRSAC2C,D93C7A,55,1.7
2021-02-09,RRSAC2C,D93CA0,57,1.72
2021-02-09,RRSAC2C,D93CA7,53,1.55
2021-02-09,RRSAC2C,DBCDDB,NA,NA
2021-02-09,RRSAC2C,DBCDE2,NA,NA
2021-02-09,RRSAC2C,DBCEA8,NA,NA
2021-02-09,RRSAC4,D93B71,52,1.3
2021-02-09,RRSAC4,D93BAA,55,1.63
2021-02-09,RRSAC4,D93C04,59,1.99
2021-02-09,RRSAC4,D93C06,58,1.87
2021-02-09,RRSAC4,D93C11,51,1.18
2021-02-09,RRSAC4,D93C1A,52,1.36
2021-02-09,RRSAC4,D93C28,57,1.72
2021-02-09,RRSAC4,D93C3A,53,1.37
2021-02-09,RRSAC4,D93C49,55,1.74
2021-02-09,RRSAC4,D93C5F,59,2.18
2021-02-09,RRSAC4,D93C72,55,1.49
2021-02-09,RRSAC4,D93C8A,58,2.01
2021-02-09,RRSAC4,D93C8E,58,2.1
2021-02-09,RRSAC4,D93C9D,51,1.17
2021-02-09,RRSAC4,D93CC5,53,1.17
2021-02-09,RRSAC4,NOTAG,NA,NA
2021-02-09,RRSAC5,C38896,57,1.91
2021-02-09,RRSAC5,C388E6,54,1.34
2021-02-09,RRSAC5,D93B40,57,1.64
2021-02-09,RRSAC5,D93B48,61,2.4
2021-02-09,RRSAC5,D93B85,56,1.63
2021-02-09,RRSAC5,D93B87,58,2.13
2021-02-09,RRSAC5,D93B94,61,2.11
2021-02-09,RRSAC5,D93BB4,56,1.5
2021-02-09,RRSAC5,D93BE5,58,1.92
2021-02-09,RRSAC5,D93C2B,55,1.83
2021-02-09,RRSAC5,D93C2C,60,2.18
2021-02-09,RRSAC5,D93C48,52,1.23
2021-02-09,RRSAC5,D93C9A,59,1.96
2021-02-09,RRSAC5,D93CAD,NA,NA
2021-02-09,RRSAC5,D93CBC,53,1.35
2021-02-09,RRSAC5,D93COC,51,1.1
2021-02-09,RRSAC5,DBCDE1,NA,NA
2021-02-09,RRSAC5,DBCE15,NA,NA
2021-02-09,RRSAC5,DBCEA7,NA,NA
2021-02-09,RRSAC5,DBCECF,NA,NA
2021-02-09,RRSAC5,DBCED0,NA,NA
2021-02-09,RRSAC5,NO TAG,NA,NA
2021-02-09,RRSAC6,C3885F,60,2.35
2021-02-09,RRSAC6,C38943,58,2.16
2021-02-09,RRSAC6,D93B5A,55,1.45
2021-02-09,RRSAC6,D93B5B,59,2.03
2021-02-09,RRSAC6,D93B96,60,2.1
2021-02-09,RRSAC6,D93BA9,49,1.04
2021-02-09,RRSAC6,D93BE0,55,1.6
2021-02-09,RRSAC6,D93BF4,53,1.55
2021-02-09,RRSAC6,D93BF6,60,2.22
2021-02-09,RRSAC6,D93BFE,52,1.01
2021-02-09,RRSAC6,D93C6B,58,2.13
2021-02-09,RRSAC6,D93C95,59,2.17
2021-02-09,RRSAC6,D93CB9,55,1.8
2021-02-09,RRSAC6,D93CBE,57,1.6
2021-02-09,RRSAC6,D93CC1,61,2.46
2021-02-09,RRSAC7,D93B6E,57,1.9
2021-02-09,RRSAC7,D93B98,57,1.97
2021-02-09,RRSAC7,D93BAD,49,1
2021-02-09,RRSAC7,D93BB2,55,1.68
2021-02-09,RRSAC7,D93BBF,58,1.66
2021-02-09,RRSAC7,D93BC8,60,2.26
2021-02-09,RRSAC7,D93BD6,53,1.28
2021-02-09,RRSAC7,D93BDE,54,1.64
2021-02-09,RRSAC7,D93C0D,52,1.26
2021-02-09,RRSAC7,D93C46,57,1.93
2021-02-09,RRSAC7,D93C4D,54,1.66
2021-02-09,RRSAC7,D93C90,53,1.37
2021-02-09,RRSAC7,D93C9F,57,1.9
2021-02-09,RRSAC7,D93CA6,59,1.99
2021-02-09,RRSAC7,D93CBD,55,1.57
2021-02-09,RRSAC7,NO TAG,NA,NA
2021-02-09,RRSAC8,C38858,49,0.98
2021-02-09,RRSAC8,C3885C,57,2.17
2021-02-09,RRSAC8,C38871,58,2.18
2021-02-09,RRSAC8,C38949,50,1.05
2021-02-09,RRSAC8,C3895A,59,2.01
2021-02-09,RRSAC8,D93B4E,58,2.22
2021-02-09,RRSAC8,D93BB6,58,2.17
2021-02-09,RRSAC8,D93BCA,55,1.68
2021-02-09,RRSAC8,D93BDO,NA,NA
2021-02-09,RRSAC8,D93BEC,57,1.64
2021-02-09,RRSAC8,D93C30,55,1.52
2021-02-09,RRSAC8,D93C71,NA,NA
2021-02-09,RRSAC8,D93C78,NA,NA
2021-02-09,RRSAC8,D93C7F,52,1.36
2021-02-09,RRSAC8,D93C83,54,1.56
2021-02-09,RRSAC8,D93C92,54,1.32
2021-02-09,RRSAC8,D93CBB,57,1.96
2021-02-09,RRSAC8,D93CC2,54,1.42
2021-02-09,RRSAC8,D93DE9,NA,NA
2021-02-09,RRSAC8,NO TAG,NA,NA
2021-02-15,RRCAN,D93B4F,57,2
2021-02-15,RRCAN,D93B63,56,1.96
2021-02-15,RRCAN,D93B68,64,2.66
2021-02-15,RRCAN,D93B6C,57,1.75
2021-02-15,RRCAN,D93B72,55,1.71
2021-02-15,RRCAN,D93B8E,60,2.38
2021-02-15,RRCAN,D93BAC,54,1.76
2021-02-15,RRCAN,D93BAE,58,1.94
2021-02-15,RRCAN,D93BAF,58,2.23
2021-02-15,RRCAN,D93BC3,66,3.26
2021-02-15,RRCAN,D93BCD,61,2.36
2021-02-15,RRCAN,D93BD9,60,2.57
2021-02-15,RRCAN,D93C34,61,2.48
2021-02-15,RRCAN,D93C82,63,2.73
2021-02-15,RRCAN,D93CAE,59,2.34
2021-02-15,RRSAC1,C3887D,55,1.58
2021-02-15,RRSAC1,D93B38,52,1.23
2021-02-15,RRSAC1,D93B56,NA,NA
2021-02-15,RRSAC1,D93B5E,NA,NA
2021-02-15,RRSAC1,D93B6D,60,1.87
2021-02-15,RRSAC1,D93B7B,57,1.61
2021-02-15,RRSAC1,D93B7D,57,1.79
2021-02-15,RRSAC1,D93B7F,NA,NA
2021-02-15,RRSAC1,D93B9C,57,1.61
2021-02-15,RRSAC1,D93BAB,58,1.84
2021-02-15,RRSAC1,D93BE1,56,1.71
2021-02-15,RRSAC1,D93BED,60,2.06
2021-02-15,RRSAC1,D93BF3,58,1.74
2021-02-15,RRSAC1,D93BFD,NA,NA
2021-02-15,RRSAC1,D93C4A,54,1.46
2021-02-15,RRSAC1,D93C64,56,1.57
2021-02-15,RRSAC1,D93C73,56,1.71
2021-02-15,RRSAC1,D93C7B,59,1.8
2021-02-15,RRSAC1,D93CB8,56,1.58
2021-02-15,RRSAC1,DBCEF0,NA,NA
2021-02-15,RRSAC2A,C38870,50,1.13
2021-02-15,RRSAC2A,C388A7,53,1.55
2021-02-15,RRSAC2A,C388A9,55,1.64
2021-02-15,RRSAC2A,C388B4,NA,NA
2021-02-15,RRSAC2A,D93B3D,57,1.8
2021-02-15,RRSAC2A,D93B8B,60,2.11
2021-02-15,RRSAC2A,D93BBC,60,2.02
2021-02-15,RRSAC2A,D93BD5,59,1.98
2021-02-15,RRSAC2A,D93BD7,60,2.01
2021-02-15,RRSAC2A,D93BDC,59,2.2
2021-02-15,RRSAC2A,D93BDD,58,1.81
2021-02-15,RRSAC2A,D93C01,61,2.2
2021-02-15,RRSAC2A,D93C05,55,1.41
2021-02-15,RRSAC2A,D93C4C,52,1.23
2021-02-15,RRSAC2A,D93C5C,57,1.63
2021-02-15,RRSAC2A,D93C97,57,1.63
2021-02-15,RRSAC2A,DBCE18,NA,NA
2021-02-15,RRSAC2A,DBCEEF,NA,NA
2021-02-15,RRSAC2C,D93B76,56,1.7
2021-02-15,RRSAC2C,D93B8C,59,2
2021-02-15,RRSAC2C,D93B90,NA,NA
2021-02-15,RRSAC2C,D93B99,61,2.29
2021-02-15,RRSAC2C,D93B9A,55,1.52
2021-02-15,RRSAC2C,D93BA8,60,2
2021-02-15,RRSAC2C,D93BD1,55,1.63
2021-02-15,RRSAC2C,D93BEA,58,2.07
2021-02-15,RRSAC2C,D93C14,56,1.62
2021-02-15,RRSAC2C,D93C3F,57,1.86
2021-02-15,RRSAC2C,D93C40,59,2.09
2021-02-15,RRSAC2C,D93C63,58,1.83
2021-02-15,RRSAC2C,D93C6C,56,1.84
2021-02-15,RRSAC2C,D93C7A,57,1.81
2021-02-15,RRSAC2C,D93CA0,58,1.87
2021-02-15,RRSAC2C,D93CA7,55,1.72
2021-02-15,RRSAC2C,DBCDDB,NA,NA
2021-02-15,RRSAC2C,DBCDE2,NA,NA
2021-02-15,RRSAC2C,DBCEA8,NA,NA
2021-02-15,RRSAC4,D93B71,53,1.33
2021-02-15,RRSAC4,D93BAA,55,1.57
2021-02-15,RRSAC4,D93C04,59,1.95
2021-02-15,RRSAC4,D93C06,58,1.8
2021-02-15,RRSAC4,D93C11,52,1.3
2021-02-15,RRSAC4,D93C1A,52,1.18
2021-02-15,RRSAC4,D93C28,57,1.78
2021-02-15,RRSAC4,D93C3A,54,1.36
2021-02-15,RRSAC4,D93C49,56,1.68
2021-02-15,RRSAC4,D93C5F,60,2.03
2021-02-15,RRSAC4,D93C72,55,1.31
2021-02-15,RRSAC4,D93C8A,59,1.9
2021-02-15,RRSAC4,D93C8E,60,2.03
2021-02-15,RRSAC4,D93C9D,52,1.25
2021-02-15,RRSAC4,D93CC5,53,1.23
2021-02-15,RRSAC4,NOTAG,NA,NA
2021-02-15,RRSAC5,C38896,57,1.87
2021-02-15,RRSAC5,C388E6,54,1.4
2021-02-15,RRSAC5,D93B40,58,1.6
2021-02-15,RRSAC5,D93B48,61,2.21
2021-02-15,RRSAC5,D93B85,57,1.75
2021-02-15,RRSAC5,D93B87,59,2.15
2021-02-15,RRSAC5,D93B94,62,2.03
2021-02-15,RRSAC5,D93BB4,56,1.56
2021-02-15,RRSAC5,D93BE5,58,1.69
2021-02-15,RRSAC5,D93C2B,54,1.85
2021-02-15,RRSAC5,D93C2C,60,1.97
2021-02-15,RRSAC5,D93C48,52,1.16
2021-02-15,RRSAC5,D93C9A,60,1.86
2021-02-15,RRSAC5,D93CAD,NA,NA
2021-02-15,RRSAC5,D93CBC,55,1.44
2021-02-15,RRSAC5,D93COC,51,1.2
2021-02-15,RRSAC5,DBCDE1,NA,NA
2021-02-15,RRSAC5,DBCE15,NA,NA
2021-02-15,RRSAC5,DBCEA7,NA,NA
2021-02-15,RRSAC5,DBCECF,56,1.58
2021-02-15,RRSAC5,DBCED0,NA,NA
2021-02-15,RRSAC5,NO TAG,NA,NA
2021-02-15,RRSAC6,C3885F,61,2.17
2021-02-15,RRSAC6,C38943,60,2.18
2021-02-15,RRSAC6,D93B5A,56,1.58
2021-02-15,RRSAC6,D93B5B,60,2.18
2021-02-15,RRSAC6,D93B96,62,2.31
2021-02-15,RRSAC6,D93BA9,50,1.11
2021-02-15,RRSAC6,D93BE0,56,1.64
2021-02-15,RRSAC6,D93BF4,54,1.49
2021-02-15,RRSAC6,D93BF6,60,2.22
2021-02-15,RRSAC6,D93BFE,54,1.42
2021-02-15,RRSAC6,D93C6B,59,1.99
2021-02-15,RRSAC6,D93C95,60,2.05
2021-02-15,RRSAC6,D93CB9,55,1.75
2021-02-15,RRSAC6,D93CBE,58,1.7
2021-02-15,RRSAC6,D93CC1,62,2.41
2021-02-15,RRSAC7,D93B6E,58,1.74
2021-02-15,RRSAC7,D93B98,59,1.98
2021-02-15,RRSAC7,D93BAD,50,1.14
2021-02-15,RRSAC7,D93BB2,56,1.66
2021-02-15,RRSAC7,D93BBF,59,1.81
2021-02-15,RRSAC7,D93BC8,61,2.16
2021-02-15,RRSAC7,D93BD6,54,1.45
2021-02-15,RRSAC7,D93BDE,55,1.57
2021-02-15,RRSAC7,D93C0D,54,1.25
2021-02-15,RRSAC7,D93C46,58,1.85
2021-02-15,RRSAC7,D93C4D,55,1.44
2021-02-15,RRSAC7,D93C90,53,1.34
2021-02-15,RRSAC7,D93C9F,58,1.93
2021-02-15,RRSAC7,D93CA6,60,2.03
2021-02-15,RRSAC7,D93CBD,56,1.63
2021-02-15,RRSAC7,NO TAG,NA,NA
2021-02-15,RRSAC8,C38858,NA,NA
2021-02-15,RRSAC8,C3885C,59,2.08
2021-02-15,RRSAC8,C38871,59,1.99
2021-02-15,RRSAC8,C38949,51,1.17
2021-02-15,RRSAC8,C3895A,60,2.03
2021-02-15,RRSAC8,D93B4E,59,2.08
2021-02-15,RRSAC8,D93BB6,60,2.12
2021-02-15,RRSAC8,D93BCA,56,1.56
2021-02-15,RRSAC8,D93BDO,61,2.32
2021-02-15,RRSAC8,D93BEC,58,2.01
2021-02-15,RRSAC8,D93C30,NA,NA
2021-02-15,RRSAC8,D93C71,61,2.79
2021-02-15,RRSAC8,D93C78,NA,NA
2021-02-15,RRSAC8,D93C7F,53,1.39
2021-02-15,RRSAC8,D93C83,54,1.58
2021-02-15,RRSAC8,D93C92,NA,NA
2021-02-15,RRSAC8,D93CBB,58,1.84
2021-02-15,RRSAC8,D93CC2,54,1.46
2021-02-15,RRSAC8,D93DE9,60,2
2021-02-15,RRSAC8,NO TAG,NA,NA
2021-02-22,RRCAN,D93B4F,62,2.46
2021-02-22,RRCAN,D93B63,62,2.49
2021-02-22,RRCAN,D93B68,68,3.44
2021-02-22,RRCAN,D93B6C,60,2.43
2021-02-22,RRCAN,D93B72,59,2.23
2021-02-22,RRCAN,D93B8E,65,3.1
2021-02-22,RRCAN,D93BAC,57,2.02
2021-02-22,RRCAN,D93BAE,63,2.55
2021-02-22,RRCAN,D93BAF,64,2.86
2021-02-22,RRCAN,D93BC3,69,3.63
2021-02-22,RRCAN,D93BCD,65,2.9
2021-02-22,RRCAN,D93BD9,66,3.06
2021-02-22,RRCAN,D93C34,67,3.12
2021-02-22,RRCAN,D93C82,70,3.89
2021-02-22,RRCAN,D93CAE,63,2.59
2021-02-22,RRSAC1,C3887D,57,1.68
2021-02-22,RRSAC1,D93B38,NA,NA
2021-02-22,RRSAC1,D93B56,60,2.44
2021-02-22,RRSAC1,D93B5E,62,2.75
2021-02-22,RRSAC1,D93B6D,61,1.97
2021-02-22,RRSAC1,D93B7B,58,1.55
2021-02-22,RRSAC1,D93B7D,NA,NA
2021-02-22,RRSAC1,D93B7F,65,3.09
2021-02-22,RRSAC1,D93B9C,NA,NA
2021-02-22,RRSAC1,D93BAB,59,1.91
2021-02-22,RRSAC1,D93BE1,57,1.62
2021-02-22,RRSAC1,D93BED,60,2.09
2021-02-22,RRSAC1,D93BF3,58,1.92
2021-02-22,RRSAC1,D93BFD,67,3.56
2021-02-22,RRSAC1,D93C4A,54,1.49
2021-02-22,RRSAC1,D93C64,NA,NA
2021-02-22,RRSAC1,D93C73,NA,NA
2021-02-22,RRSAC1,D93C7B,59,1.7
2021-02-22,RRSAC1,D93CB8,56,1.63
2021-02-22,RRSAC1,DBCEF0,60,2.3
2021-02-22,RRSAC2A,C38870,52,1.58
2021-02-22,RRSAC2A,C388A7,57,2.17
2021-02-22,RRSAC2A,C388A9,59,2.24
2021-02-22,RRSAC2A,C388B4,NA,NA
2021-02-22,RRSAC2A,D93B3D,61,2.45
2021-02-22,RRSAC2A,D93B8B,65,2.98
2021-02-22,RRSAC2A,D93BBC,64,2.66
2021-02-22,RRSAC2A,D93BD5,63,2.57
2021-02-22,RRSAC2A,D93BD7,64,2.88
2021-02-22,RRSAC2A,D93BDC,64,3
2021-02-22,RRSAC2A,D93BDD,61,2.46
2021-02-22,RRSAC2A,D93C01,66,2.95
2021-02-22,RRSAC2A,D93C05,57,1.89
2021-02-22,RRSAC2A,D93C4C,55,1.8
2021-02-22,RRSAC2A,D93C5C,60,2.1
2021-02-22,RRSAC2A,D93C97,61,2.25
2021-02-22,RRSAC2A,DBCE18,NA,NA
2021-02-22,RRSAC2A,DBCEEF,NA,NA
2021-02-22,RRSAC2C,D93B76,59,2.09
2021-02-22,RRSAC2C,D93B8C,63,2.74
2021-02-22,RRSAC2C,D93B90,NA,NA
2021-02-22,RRSAC2C,D93B99,66,2.97
2021-02-22,RRSAC2C,D93B9A,59,2.2
2021-02-22,RRSAC2C,D93BA8,64,2.47
2021-02-22,RRSAC2C,D93BD1,59,2.21
2021-02-22,RRSAC2C,D93BEA,62,2.53
2021-02-22,RRSAC2C,D93C14,59,1.99
2021-02-22,RRSAC2C,D93C3F,62,2.62
2021-02-22,RRSAC2C,D93C40,64,2.68
2021-02-22,RRSAC2C,D93C63,61,2.32
2021-02-22,RRSAC2C,D93C6C,61,2.4
2021-02-22,RRSAC2C,D93C7A,61,2.36
2021-02-22,RRSAC2C,D93CA0,63,2.58
2021-02-22,RRSAC2C,D93CA7,59,2.28
2021-02-22,RRSAC2C,DBCDDB,NA,NA
2021-02-22,RRSAC2C,DBCDE2,NA,NA
2021-02-22,RRSAC2C,DBCEA8,NA,NA
2021-02-22,RRSAC4,D93B71,54,1.62
2021-02-22,RRSAC4,D93BAA,57,1.75
2021-02-22,RRSAC4,D93C04,61,2.17
2021-02-22,RRSAC4,D93C06,58,1.69
2021-02-22,RRSAC4,D93C11,53,1.54
2021-02-22,RRSAC4,D93C1A,54,1.68
2021-02-22,RRSAC4,D93C28,58,1.89
2021-02-22,RRSAC4,D93C3A,55,1.63
2021-02-22,RRSAC4,D93C49,58,1.91
2021-02-22,RRSAC4,D93C5F,61,2.16
2021-02-22,RRSAC4,D93C72,57,1.84
2021-02-22,RRSAC4,D93C8A,61,2.21
2021-02-22,RRSAC4,D93C8E,63,2.43
2021-02-22,RRSAC4,D93C9D,53,1.44
2021-02-22,RRSAC4,D93CC5,54,1.35
2021-02-22,RRSAC4,NOTAG,NA,NA
2021-02-22,RRSAC5,C38896,NA,NA
2021-02-22,RRSAC5,C388E6,57,1.78
2021-02-22,RRSAC5,D93B40,61,2.03
2021-02-22,RRSAC5,D93B48,63,2.64
2021-02-22,RRSAC5,D93B85,60,2.17
2021-02-22,RRSAC5,D93B87,62,2.56
2021-02-22,RRSAC5,D93B94,NA,NA
2021-02-22,RRSAC5,D93BB4,NA,NA
2021-02-22,RRSAC5,D93BE5,NA,NA
2021-02-22,RRSAC5,D93C2B,NA,NA
2021-02-22,RRSAC5,D93C2C,63,2.31
2021-02-22,RRSAC5,D93C48,53,1.41
2021-02-22,RRSAC5,D93C9A,63,2.33
2021-02-22,RRSAC5,D93CAD,69,3.6
2021-02-22,RRSAC5,D93CBC,NA,NA
2021-02-22,RRSAC5,D93COC,54,1.52
2021-02-22,RRSAC5,DBCDE1,63,2.58
2021-02-22,RRSAC5,DBCE15,72,4.22
2021-02-22,RRSAC5,DBCEA7,60,2.34
2021-02-22,RRSAC5,DBCECF,58,1.79
2021-02-22,RRSAC5,DBCED0,57,1.85
2021-02-22,RRSAC5,NO TAG,NA,NA
2021-02-22,RRSAC6,C3885F,64,2.64
2021-02-22,RRSAC6,C38943,63,2.61
2021-02-22,RRSAC6,D93B5A,58,1.86
2021-02-22,RRSAC6,D93B5B,65,2.55
2021-02-22,RRSAC6,D93B96,65,2.79
2021-02-22,RRSAC6,D93BA9,53,1.34
2021-02-22,RRSAC6,D93BE0,59,1.96
2021-02-22,RRSAC6,D93BF4,56,1.82
2021-02-22,RRSAC6,D93BF6,64,2.31
2021-02-22,RRSAC6,D93BFE,57,1.75
2021-02-22,RRSAC6,D93C6B,61,2.42
2021-02-22,RRSAC6,D93C95,62,2.35
2021-02-22,RRSAC6,D93CB9,58,2.05
2021-02-22,RRSAC6,D93CBE,59,2.13
2021-02-22,RRSAC6,D93CC1,66,2.63
2021-02-22,RRSAC7,D93B6E,60,2.18
2021-02-22,RRSAC7,D93B98,62,2.41
2021-02-22,RRSAC7,D93BAD,52,1.41
2021-02-22,RRSAC7,D93BB2,59,2.04
2021-02-22,RRSAC7,D93BBF,61,2.27
2021-02-22,RRSAC7,D93BC8,62,2.5
2021-02-22,RRSAC7,D93BD6,56,1.8
2021-02-22,RRSAC7,D93BDE,58,1.93
2021-02-22,RRSAC7,D93C0D,56,1.79
2021-02-22,RRSAC7,D93C46,61,2.36
2021-02-22,RRSAC7,D93C4D,57,1.76
2021-02-22,RRSAC7,D93C90,55,1.57
2021-02-22,RRSAC7,D93C9F,61,2.36
2021-02-22,RRSAC7,D93CA6,63,2.48
2021-02-22,RRSAC7,D93CBD,56,1.86
2021-02-22,RRSAC7,NO TAG,NA,NA
2021-02-22,RRSAC8,C38858,NA,NA
2021-02-22,RRSAC8,C3885C,62,2.52
2021-02-22,RRSAC8,C38871,61,2.35
2021-02-22,RRSAC8,C38949,53,1.4
2021-02-22,RRSAC8,C3895A,63,2.45
2021-02-22,RRSAC8,D93B4E,62,2.56
2021-02-22,RRSAC8,D93BB6,63,2.97
2021-02-22,RRSAC8,D93BCA,60,2.08
2021-02-22,RRSAC8,D93BDO,63,2.45
2021-02-22,RRSAC8,D93BEC,60,2.15
2021-02-22,RRSAC8,D93C30,NA,NA
2021-02-22,RRSAC8,D93C71,64,2.86
2021-02-22,RRSAC8,D93C78,NA,NA
2021-02-22,RRSAC8,D93C7F,55,1.72
2021-02-22,RRSAC8,D93C83,56,1.75
2021-02-22,RRSAC8,D93C92,NA,NA
2021-02-22,RRSAC8,D93CBB,61,2.08
2021-02-22,RRSAC8,D93CC2,55,1.6
2021-02-22,RRSAC8,D93DE9,62,2.15
2021-02-22,RRSAC8,NO TAG,NA,NA
2021-03-01,RRCAN,D93B4F,65,3.1
2021-03-01,RRCAN,D93B63,65,3.15
2021-03-01,RRCAN,D93B68,71,3.97
2021-03-01,RRCAN,D93B6C,65,2.75
2021-03-01,RRCAN,D93B72,63,2.3
2021-03-01,RRCAN,D93B8E,71,3.86
2021-03-01,RRCAN,D93BAC,61,2.56
2021-03-01,RRCAN,D93BAE,67,3.02
2021-03-01,RRCAN,D93BAF,68,3.33
2021-03-01,RRCAN,D93BC3,74,4.52
2021-03-01,RRCAN,D93BCD,70,3.38
2021-03-01,RRCAN,D93BD9,70,3.83
2021-03-01,RRCAN,D93C34,70,3.68
2021-03-01,RRCAN,D93C82,75,4.51
2021-03-01,RRCAN,D93CAE,66,3.2
2021-03-01,RRSAC1,C3887D,57,1.83
2021-03-01,RRSAC1,D93B38,NA,NA
2021-03-01,RRSAC1,D93B56,61,2.26
2021-03-01,RRSAC1,D93B5E,63,2.66
2021-03-01,RRSAC1,D93B6D,62,2.23
2021-03-01,RRSAC1,D93B7B,57,1.69
2021-03-01,RRSAC1,D93B7D,NA,NA
2021-03-01,RRSAC1,D93B7F,67,3
2021-03-01,RRSAC1,D93B9C,NA,NA
2021-03-01,RRSAC1,D93BAB,60,2.04
2021-03-01,RRSAC1,D93BE1,58,1.87
2021-03-01,RRSAC1,D93BED,61,2.16
2021-03-01,RRSAC1,D93BF3,58,1.89
2021-03-01,RRSAC1,D93BFD,68,3.3
2021-03-01,RRSAC1,D93C4A,55,1.5
2021-03-01,RRSAC1,D93C64,NA,NA
2021-03-01,RRSAC1,D93C73,NA,NA
2021-03-01,RRSAC1,D93C7B,60,1.99
2021-03-01,RRSAC1,D93CB8,58,1.81
2021-03-01,RRSAC1,DBCEF0,61,2.15
2021-03-01,RRSAC2A,C38870,55,1.44
2021-03-01,RRSAC2A,C388A7,63,2.85
2021-03-01,RRSAC2A,C388A9,65,3.05
2021-03-01,RRSAC2A,C388B4,NA,NA
2021-03-01,RRSAC2A,D93B3D,67,3.32
2021-03-01,RRSAC2A,D93B8B,71,3.95
2021-03-01,RRSAC2A,D93BBC,69,3.45
2021-03-01,RRSAC2A,D93BD5,68,3.32
2021-03-01,RRSAC2A,D93BD7,69,3.7
2021-03-01,RRSAC2A,D93BDC,70,3.81
2021-03-01,RRSAC2A,D93BDD,67,3.17
2021-03-01,RRSAC2A,D93C01,72,3.87
2021-03-01,RRSAC2A,D93C05,62,2.5
2021-03-01,RRSAC2A,D93C4C,60,2.36
2021-03-01,RRSAC2A,D93C5C,66,3.01
2021-03-01,RRSAC2A,D93C97,66,3.11
2021-03-01,RRSAC2A,DBCE18,NA,NA
2021-03-01,RRSAC2A,DBCEEF,NA,NA
2021-03-01,RRSAC2C,D93B76,62,2.5
2021-03-01,RRSAC2C,D93B8C,69,3.92
2021-03-01,RRSAC2C,D93B90,NA,NA
2021-03-01,RRSAC2C,D93B99,71,4.08
2021-03-01,RRSAC2C,D93B9A,63,2.88
2021-03-01,RRSAC2C,D93BA8,67,3.46
2021-03-01,RRSAC2C,D93BD1,65,3.18
2021-03-01,RRSAC2C,D93BEA,65,3.26
2021-03-01,RRSAC2C,D93C14,63,2.64
2021-03-01,RRSAC2C,D93C3F,68,3.55
2021-03-01,RRSAC2C,D93C40,68,3.55
2021-03-01,RRSAC2C,D93C63,68,3.59
2021-03-01,RRSAC2C,D93C6C,65,3.18
2021-03-01,RRSAC2C,D93C7A,66,3.14
2021-03-01,RRSAC2C,D93CA0,68,3.54
2021-03-01,RRSAC2C,D93CA7,64,3
2021-03-01,RRSAC2C,DBCDDB,NA,NA
2021-03-01,RRSAC2C,DBCDE2,NA,NA
2021-03-01,RRSAC2C,DBCEA8,NA,NA
2021-03-01,RRSAC4,D93B71,57,1.94
2021-03-01,RRSAC4,D93BAA,58,1.94
2021-03-01,RRSAC4,D93C04,62,2.19
2021-03-01,RRSAC4,D93C06,61,2.13
2021-03-01,RRSAC4,D93C11,56,1.87
2021-03-01,RRSAC4,D93C1A,59,2.32
2021-03-01,RRSAC4,D93C28,58,2.36
2021-03-01,RRSAC4,D93C3A,57,2.03
2021-03-01,RRSAC4,D93C49,61,2.42
2021-03-01,RRSAC4,D93C5F,64,2.59
2021-03-01,RRSAC4,D93C72,60,2.4
2021-03-01,RRSAC4,D93C8A,63,2.57
2021-03-01,RRSAC4,D93C8E,67,3.19
2021-03-01,RRSAC4,D93C9D,56,1.81
2021-03-01,RRSAC4,D93CC5,55,1.54
2021-03-01,RRSAC4,NOTAG,NA,NA
2021-03-01,RRSAC5,C38896,NA,NA
2021-03-01,RRSAC5,C388E6,60,2.11
2021-03-01,RRSAC5,D93B40,62,2.36
2021-03-01,RRSAC5,D93B48,66,2.9
2021-03-01,RRSAC5,D93B85,64,2.8
2021-03-01,RRSAC5,D93B87,66,3.03
2021-03-01,RRSAC5,D93B94,NA,NA
2021-03-01,RRSAC5,D93BB4,NA,NA
2021-03-01,RRSAC5,D93BE5,NA,NA
2021-03-01,RRSAC5,D93C2B,NA,NA
2021-03-01,RRSAC5,D93C2C,65,2.66
2021-03-01,RRSAC5,D93C48,57,1.83
2021-03-01,RRSAC5,D93C9A,65,2.85
2021-03-01,RRSAC5,D93CAD,71,3.56
2021-03-01,RRSAC5,D93CBC,NA,NA
2021-03-01,RRSAC5,D93COC,58,2.05
2021-03-01,RRSAC5,DBCDE1,65,2.77
2021-03-01,RRSAC5,DBCE15,74,4.33
2021-03-01,RRSAC5,DBCEA7,62,2.49
2021-03-01,RRSAC5,DBCECF,61,2.33
2021-03-01,RRSAC5,DBCED0,59,1.99
2021-03-01,RRSAC5,NO TAG,NA,NA
2021-03-01,RRSAC6,C3885F,67,3.3
2021-03-01,RRSAC6,C38943,65,3.05
2021-03-01,RRSAC6,D93B5A,62,3.01
2021-03-01,RRSAC6,D93B5B,66,2.96
2021-03-01,RRSAC6,D93B96,70,3.46
2021-03-01,RRSAC6,D93BA9,55,1.74
2021-03-01,RRSAC6,D93BE0,63,2.61
2021-03-01,RRSAC6,D93BF4,58,2.14
2021-03-01,RRSAC6,D93BF6,66,3.09
2021-03-01,RRSAC6,D93BFE,61,2.35
2021-03-01,RRSAC6,D93C6B,65,2.88
2021-03-01,RRSAC6,D93C95,65,2.7
2021-03-01,RRSAC6,D93CB9,62,2.46
2021-03-01,RRSAC6,D93CBE,63,2.73
2021-03-01,RRSAC6,D93CC1,69,3.53
2021-03-01,RRSAC7,D93B6E,64,2.75
2021-03-01,RRSAC7,D93B98,64,2.8
2021-03-01,RRSAC7,D93BAD,55,1.69
2021-03-01,RRSAC7,D93BB2,63,2.73
2021-03-01,RRSAC7,D93BBF,64,2.71
2021-03-01,RRSAC7,D93BC8,65,2.89
2021-03-01,RRSAC7,D93BD6,59,2.07
2021-03-01,RRSAC7,D93BDE,63,2.44
2021-03-01,RRSAC7,D93C0D,58,1.98
2021-03-01,RRSAC7,D93C46,64,2.68
2021-03-01,RRSAC7,D93C4D,60,2.3
2021-03-01,RRSAC7,D93C90,57,1.74
2021-03-01,RRSAC7,D93C9F,65,2.7
2021-03-01,RRSAC7,D93CA6,65,2.7
2021-03-01,RRSAC7,D93CBD,59,2.23
2021-03-01,RRSAC7,NO TAG,NA,NA
2021-03-01,RRSAC8,C38858,NA,NA
2021-03-01,RRSAC8,C3885C,66,3.27
2021-03-01,RRSAC8,C38871,66,2.91
2021-03-01,RRSAC8,C38949,55,1.74
2021-03-01,RRSAC8,C3895A,66,3.11
2021-03-01,RRSAC8,D93B4E,64,3.03
2021-03-01,RRSAC8,D93BB6,67,3.01
2021-03-01,RRSAC8,D93BCA,62,2.44
2021-03-01,RRSAC8,D93BDO,67,3.1
2021-03-01,RRSAC8,D93BEC,63,2.72
2021-03-01,RRSAC8,D93C30,NA,NA
2021-03-01,RRSAC8,D93C71,66,3.23
2021-03-01,RRSAC8,D93C78,NA,NA
2021-03-01,RRSAC8,D93C7F,58,2.2
2021-03-01,RRSAC8,D93C83,60,2.36
2021-03-01,RRSAC8,D93C92,NA,NA
2021-03-01,RRSAC8,D93CBB,63,2.6
2021-03-01,RRSAC8,D93CC2,58,2.03
2021-03-01,RRSAC8,D93DE9,64,2.64
2021-03-01,RRSAC8,NO TAG,NA,NA
2021-03-08,RRCAN,D93B4F,69,3.83
2021-03-08,RRCAN,D93B63,74,4.25
2021-03-08,RRCAN,D93B68,72,5.19
2021-03-08,RRCAN,D93B6C,69,3.65
2021-03-08,RRCAN,D93B72,67,3.4
2021-03-08,RRCAN,D93B8E,77,5.25
2021-03-08,RRCAN,D93BAC,62,2.89
2021-03-08,RRCAN,D93BAE,72,4.08
2021-03-08,RRCAN,D93BAF,73,4.74
2021-03-08,RRCAN,D93BC3,77,5.42
2021-03-08,RRCAN,D93BCD,73,4.52
2021-03-08,RRCAN,D93BD9,75,5.14
2021-03-08,RRCAN,D93C34,75,5.19
2021-03-08,RRCAN,D93C82,81,6.19
2021-03-08,RRCAN,D93CAE,70,4.02
2021-03-08,RRSAC1,C3887D,58,1.9
2021-03-08,RRSAC1,D93B38,NA,NA
2021-03-08,RRSAC1,D93B56,61,2.29
2021-03-08,RRSAC1,D93B5E,64,2.59
2021-03-08,RRSAC1,D93B6D,62,2.29
2021-03-08,RRSAC1,D93B7B,57,1.79
2021-03-08,RRSAC1,D93B7D,NA,NA
2021-03-08,RRSAC1,D93B7F,68,3.27
2021-03-08,RRSAC1,D93B9C,NA,NA
2021-03-08,RRSAC1,D93BAB,60,2.27
2021-03-08,RRSAC1,D93BE1,59,2.09
2021-03-08,RRSAC1,D93BED,61,2.14
2021-03-08,RRSAC1,D93BF3,59,1.84
2021-03-08,RRSAC1,D93BFD,69,3.42
2021-03-08,RRSAC1,D93C4A,55,1.57
2021-03-08,RRSAC1,D93C64,NA,NA
2021-03-08,RRSAC1,D93C73,NA,NA
2021-03-08,RRSAC1,D93C7B,60,2.03
2021-03-08,RRSAC1,D93CB8,57,1.98
2021-03-08,RRSAC1,DBCEF0,61,2.3
2021-03-08,RRSAC2A,C38870,57,2.19
2021-03-08,RRSAC2A,C388A7,68,3.85
2021-03-08,RRSAC2A,C388A9,69,3.74
2021-03-08,RRSAC2A,C388B4,75,4.94
2021-03-08,RRSAC2A,D93B3D,71,4.33
2021-03-08,RRSAC2A,D93B8B,75,4.97
2021-03-08,RRSAC2A,D93BBC,73,4.17
2021-03-08,RRSAC2A,D93BD5,72,4.03
2021-03-08,RRSAC2A,D93BD7,73,4.36
2021-03-08,RRSAC2A,D93BDC,73,4.55
2021-03-08,RRSAC2A,D93BDD,70,3.81
2021-03-08,RRSAC2A,D93C01,NA,NA
2021-03-08,RRSAC2A,D93C05,67,3.26
2021-03-08,RRSAC2A,D93C4C,65,3.14
2021-03-08,RRSAC2A,D93C5C,69,3.73
2021-03-08,RRSAC2A,D93C97,71,4.1
2021-03-08,RRSAC2A,DBCE18,NA,NA
2021-03-08,RRSAC2A,DBCEEF,NA,NA
2021-03-08,RRSAC2C,D93B76,64,3
2021-03-08,RRSAC2C,D93B8C,NA,NA
2021-03-08,RRSAC2C,D93B90,67,3.71
2021-03-08,RRSAC2C,D93B99,75,4.54
2021-03-08,RRSAC2C,D93B9A,68,3.55
2021-03-08,RRSAC2C,D93BA8,72,4.1
2021-03-08,RRSAC2C,D93BD1,70,3.62
2021-03-08,RRSAC2C,D93BEA,70,4
2021-03-08,RRSAC2C,D93C14,65,2.84
2021-03-08,RRSAC2C,D93C3F,70,3.98
2021-03-08,RRSAC2C,D93C40,73,4.48
2021-03-08,RRSAC2C,D93C63,73,4.24
2021-03-08,RRSAC2C,D93C6C,NA,NA
2021-03-08,RRSAC2C,D93C7A,NA,NA
2021-03-08,RRSAC2C,D93CA0,72,4.01
2021-03-08,RRSAC2C,D93CA7,NA,NA
2021-03-08,RRSAC2C,DBCDDB,58,2.33
2021-03-08,RRSAC2C,DBCDE2,66,3.34
2021-03-08,RRSAC2C,DBCEA8,67,2.9
2021-03-08,RRSAC4,D93B71,58,2.07
2021-03-08,RRSAC4,D93BAA,58,2.08
2021-03-08,RRSAC4,D93C04,62,2.26
2021-03-08,RRSAC4,D93C06,63,2.45
2021-03-08,RRSAC4,D93C11,59,2.04
2021-03-08,RRSAC4,D93C1A,62,2.62
2021-03-08,RRSAC4,D93C28,58,2.27
2021-03-08,RRSAC4,D93C3A,60,2.19
2021-03-08,RRSAC4,D93C49,63,2.5
2021-03-08,RRSAC4,D93C5F,65,2.71
2021-03-08,RRSAC4,D93C72,64,2.85
2021-03-08,RRSAC4,D93C8A,64,2.63
2021-03-08,RRSAC4,D93C8E,70,3.65
2021-03-08,RRSAC4,D93C9D,61,2.07
2021-03-08,RRSAC4,D93CC5,56,1.6
2021-03-08,RRSAC4,NOTAG,NA,NA
2021-03-08,RRSAC5,C38896,NA,NA
2021-03-08,RRSAC5,C388E6,62,2.42
2021-03-08,RRSAC5,D93B40,64,2.7
2021-03-08,RRSAC5,D93B48,68,3.39
2021-03-08,RRSAC5,D93B85,66,2.85
2021-03-08,RRSAC5,D93B87,68,3.48
2021-03-08,RRSAC5,D93B94,NA,NA
2021-03-08,RRSAC5,D93BB4,NA,NA
2021-03-08,RRSAC5,D93BE5,NA,NA
2021-03-08,RRSAC5,D93C2B,NA,NA
2021-03-08,RRSAC5,D93C2C,66,2.81
2021-03-08,RRSAC5,D93C48,59,2.02
2021-03-08,RRSAC5,D93C9A,69,3.44
2021-03-08,RRSAC5,D93CAD,74,3.99
2021-03-08,RRSAC5,D93CBC,NA,NA
2021-03-08,RRSAC5,D93COC,60,2.41
2021-03-08,RRSAC5,DBCDE1,68,3.24
2021-03-08,RRSAC5,DBCE15,77,4.95
2021-03-08,RRSAC5,DBCEA7,66,2.96
2021-03-08,RRSAC5,DBCECF,64,2.6
2021-03-08,RRSAC5,DBCED0,61,2.38
2021-03-08,RRSAC5,NO TAG,NA,NA
2021-03-08,RRSAC6,C3885F,70,3.57
2021-03-08,RRSAC6,C38943,69,3.86
2021-03-08,RRSAC6,D93B5A,66,3.3
2021-03-08,RRSAC6,D93B5B,69,3.46
2021-03-08,RRSAC6,D93B96,73,4
2021-03-08,RRSAC6,D93BA9,59,2.07
2021-03-08,RRSAC6,D93BE0,65,2.9
2021-03-08,RRSAC6,D93BF4,62,2.45
2021-03-08,RRSAC6,D93BF6,69,3.4
2021-03-08,RRSAC6,D93BFE,65,2.98
2021-03-08,RRSAC6,D93C6B,68,3.23
2021-03-08,RRSAC6,D93C95,67,3.15
2021-03-08,RRSAC6,D93CB9,63,2.64
2021-03-08,RRSAC6,D93CBE,67,3.29
2021-03-08,RRSAC6,D93CC1,72,3.95
2021-03-08,RRSAC7,D93B6E,66,2.94
2021-03-08,RRSAC7,D93B98,66,3.01
2021-03-08,RRSAC7,D93BAD,56,1.83
2021-03-08,RRSAC7,D93BB2,66,3.01
2021-03-08,RRSAC7,D93BBF,65,2.86
2021-03-08,RRSAC7,D93BC8,66,3.1
2021-03-08,RRSAC7,D93BD6,60,2.24
2021-03-08,RRSAC7,D93BDE,64,2.76
2021-03-08,RRSAC7,D93C0D,60,2.19
2021-03-08,RRSAC7,D93C46,66,3.01
2021-03-08,RRSAC7,D93C4D,63,2.64
2021-03-08,RRSAC7,D93C90,58,1.85
2021-03-08,RRSAC7,D93C9F,66,3
2021-03-08,RRSAC7,D93CA6,67,2.82
2021-03-08,RRSAC7,D93CBD,62,2.37
2021-03-08,RRSAC7,NO TAG,NA,NA
2021-03-08,RRSAC8,C38858,NA,NA
2021-03-08,RRSAC8,C3885C,69,3.77
2021-03-08,RRSAC8,C38871,67,3.13
2021-03-08,RRSAC8,C38949,58,1.98
2021-03-08,RRSAC8,C3895A,70,3.82
2021-03-08,RRSAC8,D93B4E,67,3.36
2021-03-08,RRSAC8,D93BB6,69,3.58
2021-03-08,RRSAC8,D93BCA,66,2.85
2021-03-08,RRSAC8,D93BDO,NA,NA
2021-03-08,RRSAC8,D93BEC,65,3.02
2021-03-08,RRSAC8,D93C30,NA,NA
2021-03-08,RRSAC8,D93C71,70,3.61
2021-03-08,RRSAC8,D93C78,68,3.73
2021-03-08,RRSAC8,D93C7F,63,2.73
2021-03-08,RRSAC8,D93C83,62,2.49
2021-03-08,RRSAC8,D93C92,NA,NA
2021-03-08,RRSAC8,D93CBB,66,2.98
2021-03-08,RRSAC8,D93CC2,60,2.23
2021-03-08,RRSAC8,D93DE9,67,2.98
2021-03-08,RRSAC8,NO TAG,NA,NA
2021-03-15,RRCAN,D93B4F,72,4.05
2021-03-15,RRCAN,D93B63,75,4.63
2021-03-15,RRCAN,D93B68,80,5.42
2021-03-15,RRCAN,D93B6C,72,3.84
2021-03-15,RRCAN,D93B72,70,3.69
2021-03-15,RRCAN,D93B8E,80,5.28
2021-03-15,RRCAN,D93BAC,65,3.06
2021-03-15,RRCAN,D93BAE,75,4.47
2021-03-15,RRCAN,D93BAF,77,4.64
2021-03-15,RRCAN,D93BC3,80,5.77
2021-03-15,RRCAN,D93BCD,77,4.79
2021-03-15,RRCAN,D93BD9,78,5.14
2021-03-15,RRCAN,D93C34,79,5.11
2021-03-15,RRCAN,D93C82,85,6.3
2021-03-15,RRCAN,D93CAE,73,4.3
2021-03-15,RRSAC1,C3887D,59,1.94
2021-03-15,RRSAC1,D93B38,NA,NA
2021-03-15,RRSAC1,D93B56,62,2.44
2021-03-15,RRSAC1,D93B5E,65,2.84
2021-03-15,RRSAC1,D93B6D,64,2.41
2021-03-15,RRSAC1,D93B7B,58,1.8
2021-03-15,RRSAC1,D93B7D,NA,NA
2021-03-15,RRSAC1,D93B7F,71,3.7
2021-03-15,RRSAC1,D93B9C,NA,NA
2021-03-15,RRSAC1,D93BAB,61,2.27
2021-03-15,RRSAC1,D93BE1,61,2.33
2021-03-15,RRSAC1,D93BED,61,2.07
2021-03-15,RRSAC1,D93BF3,59,2.06
2021-03-15,RRSAC1,D93BFD,70,3.56
2021-03-15,RRSAC1,D93C4A,55,1.81
2021-03-15,RRSAC1,D93C64,NA,NA
2021-03-15,RRSAC1,D93C73,NA,NA
2021-03-15,RRSAC1,D93C7B,61,2.08
2021-03-15,RRSAC1,D93CB8,57,1.66
2021-03-15,RRSAC1,DBCEF0,63,2.61
2021-03-15,RRSAC2A,C38870,NA,NA
2021-03-15,RRSAC2A,C388A7,71,3.8
2021-03-15,RRSAC2A,C388A9,73,4.2
2021-03-15,RRSAC2A,C388B4,77,4.4
2021-03-15,RRSAC2A,D93B3D,NA,NA
2021-03-15,RRSAC2A,D93B8B,77,4.8
2021-03-15,RRSAC2A,D93BBC,76,4.12
2021-03-15,RRSAC2A,D93BD5,74,4.09
2021-03-15,RRSAC2A,D93BD7,75,4.55
2021-03-15,RRSAC2A,D93BDC,75,4.6
2021-03-15,RRSAC2A,D93BDD,72,3.88
2021-03-15,RRSAC2A,D93C01,NA,NA
2021-03-15,RRSAC2A,D93C05,71,3.55
2021-03-15,RRSAC2A,D93C4C,68,3.07
2021-03-15,RRSAC2A,D93C5C,71,3.77
2021-03-15,RRSAC2A,D93C97,74,4.53
2021-03-15,RRSAC2A,DBCE18,68,3.29
2021-03-15,RRSAC2A,DBCEEF,65,2.99
2021-03-15,RRSAC2C,D93B76,67,3.25
2021-03-15,RRSAC2C,D93B8C,NA,NA
2021-03-15,RRSAC2C,D93B90,69,3.88
2021-03-15,RRSAC2C,D93B99,78,4.75
2021-03-15,RRSAC2C,D93B9A,71,3.77
2021-03-15,RRSAC2C,D93BA8,75,4.48
2021-03-15,RRSAC2C,D93BD1,73,4.38
2021-03-15,RRSAC2C,D93BEA,71,3.93
2021-03-15,RRSAC2C,D93C14,68,3.04
2021-03-15,RRSAC2C,D93C3F,74,4.4
2021-03-15,RRSAC2C,D93C40,78,5.11
2021-03-15,RRSAC2C,D93C63,78,5.23
2021-03-15,RRSAC2C,D93C6C,NA,NA
2021-03-15,RRSAC2C,D93C7A,NA,NA
2021-03-15,RRSAC2C,D93CA0,74,4.19
2021-03-15,RRSAC2C,D93CA7,NA,NA
2021-03-15,RRSAC2C,DBCDDB,61,2.5
2021-03-15,RRSAC2C,DBCDE2,68,3.34
2021-03-15,RRSAC2C,DBCEA8,69,3.23
2021-03-15,RRSAC4,D93B71,59,2.15
2021-03-15,RRSAC4,D93BAA,59,2.06
2021-03-15,RRSAC4,D93C04,62,2.2
2021-03-15,RRSAC4,D93C06,64,2.57
2021-03-15,RRSAC4,D93C11,59,2.17
2021-03-15,RRSAC4,D93C1A,63,2.6
2021-03-15,RRSAC4,D93C28,58,2.27
2021-03-15,RRSAC4,D93C3A,62,2.37
2021-03-15,RRSAC4,D93C49,65,2.53
2021-03-15,RRSAC4,D93C5F,66,2.93
2021-03-15,RRSAC4,D93C72,66,3.01
2021-03-15,RRSAC4,D93C8A,64,2.5
2021-03-15,RRSAC4,D93C8E,73,3.9
2021-03-15,RRSAC4,D93C9D,61,2
2021-03-15,RRSAC4,D93CC5,56,1.51
2021-03-15,RRSAC4,NOTAG,61,2.5
2021-03-15,RRSAC5,C38896,NA,NA
2021-03-15,RRSAC5,C388E6,63,2.46
2021-03-15,RRSAC5,D93B40,65,2.8
2021-03-15,RRSAC5,D93B48,70,3.67
2021-03-15,RRSAC5,D93B85,66,2.9
2021-03-15,RRSAC5,D93B87,70,3.96
2021-03-15,RRSAC5,D93B94,NA,NA
2021-03-15,RRSAC5,D93BB4,NA,NA
2021-03-15,RRSAC5,D93BE5,NA,NA
2021-03-15,RRSAC5,D93C2B,NA,NA
2021-03-15,RRSAC5,D93C2C,66,2.77
2021-03-15,RRSAC5,D93C48,60,2.26
2021-03-15,RRSAC5,D93C9A,71,3.69
2021-03-15,RRSAC5,D93CAD,74,3.99
2021-03-15,RRSAC5,D93CBC,NA,NA
2021-03-15,RRSAC5,D93COC,63,2.77
2021-03-15,RRSAC5,DBCDE1,69,3.55
2021-03-15,RRSAC5,DBCE15,80,5.36
2021-03-15,RRSAC5,DBCEA7,68,3.3
2021-03-15,RRSAC5,DBCECF,67,3
2021-03-15,RRSAC5,DBCED0,63,2.49
2021-03-15,RRSAC5,NO TAG,NA,NA
2021-03-15,RRSAC6,C3885F,70,3.52
2021-03-15,RRSAC6,C38943,72,4.32
2021-03-15,RRSAC6,D93B5A,67,3.08
2021-03-15,RRSAC6,D93B5B,71,3.86
2021-03-15,RRSAC6,D93B96,74,4.26
2021-03-15,RRSAC6,D93BA9,61,2.36
2021-03-15,RRSAC6,D93BE0,65,2.69
2021-03-15,RRSAC6,D93BF4,62,2.66
2021-03-15,RRSAC6,D93BF6,70,3.43
2021-03-15,RRSAC6,D93BFE,66,3.03
2021-03-15,RRSAC6,D93C6B,68,3.17
2021-03-15,RRSAC6,D93C95,67,3.22
2021-03-15,RRSAC6,D93CB9,66,2.89
2021-03-15,RRSAC6,D93CBE,69,3.52
2021-03-15,RRSAC6,D93CC1,73,4
2021-03-15,RRSAC7,D93B6E,68,3.13
2021-03-15,RRSAC7,D93B98,68,3.27
2021-03-15,RRSAC7,D93BAD,57,1.76
2021-03-15,RRSAC7,D93BB2,67,2.98
2021-03-15,RRSAC7,D93BBF,67,2.98
2021-03-15,RRSAC7,D93BC8,67,3.02
2021-03-15,RRSAC7,D93BD6,61,2.4
2021-03-15,RRSAC7,D93BDE,66,2.9
2021-03-15,RRSAC7,D93C0D,60,2.18
2021-03-15,RRSAC7,D93C46,NA,NA
2021-03-15,RRSAC7,D93C4D,64,2.69
2021-03-15,RRSAC7,D93C90,58,1.85
2021-03-15,RRSAC7,D93C9F,67,2.98
2021-03-15,RRSAC7,D93CA6,67,2.85
2021-03-15,RRSAC7,D93CBD,62,2.37
2021-03-15,RRSAC7,NO TAG,66,2.8
2021-03-15,RRSAC8,C38858,NA,NA
2021-03-15,RRSAC8,C3885C,72,4.15
2021-03-15,RRSAC8,C38871,69,3.17
2021-03-15,RRSAC8,C38949,59,2.07
2021-03-15,RRSAC8,C3895A,73,4.07
2021-03-15,RRSAC8,D93B4E,69,3.6
2021-03-15,RRSAC8,D93BB6,73,4.06
2021-03-15,RRSAC8,D93BCA,68,3.11
2021-03-15,RRSAC8,D93BDO,NA,NA
2021-03-15,RRSAC8,D93BEC,68,3.41
2021-03-15,RRSAC8,D93C30,NA,NA
2021-03-15,RRSAC8,D93C71,71,3.76
2021-03-15,RRSAC8,D93C78,70,3.57
2021-03-15,RRSAC8,D93C7F,63,2.8
2021-03-15,RRSAC8,D93C83,62,2.66
2021-03-15,RRSAC8,D93C92,NA,NA
2021-03-15,RRSAC8,D93CBB,67,3.14
2021-03-15,RRSAC8,D93CC2,61,2.26
2021-03-15,RRSAC8,D93DE9,68,3.24
2021-03-15,RRSAC8,NO TAG,NA,NA
2021-03-22,RRCAN,D93B4F,72,3.77
2021-03-22,RRCAN,D93B63,76,4.54
2021-03-22,RRCAN,D93B68,80,5.18
2021-03-22,RRCAN,D93B6C,72,3.79
2021-03-22,RRCAN,D93B72,70,3.37
2021-03-22,RRCAN,D93B8E,82,5.3
2021-03-22,RRCAN,D93BAC,65,3
2021-03-22,RRCAN,D93BAE,76,4.2
2021-03-22,RRCAN,D93BAF,77,4.55
2021-03-22,RRCAN,D93BC3,81,5.46
2021-03-22,RRCAN,D93BCD,78,4.48
2021-03-22,RRCAN,D93BD9,78,4.93
2021-03-22,RRCAN,D93C34,79,4.99
2021-03-22,RRCAN,D93C82,85,6.19
2021-03-22,RRCAN,D93CAE,73,4.11
2021-03-22,RRSAC1,C3887D,59,2.06
2021-03-22,RRSAC1,D93B38,NA,NA
2021-03-22,RRSAC1,D93B56,63,2.42
2021-03-22,RRSAC1,D93B5E,66,2.99
2021-03-22,RRSAC1,D93B6D,65,2.75
2021-03-22,RRSAC1,D93B7B,59,1.9
2021-03-22,RRSAC1,D93B7D,NA,NA
2021-03-22,RRSAC1,D93B7F,75,3.9
2021-03-22,RRSAC1,D93B9C,NA,NA
2021-03-22,RRSAC1,D93BAB,62,2.43
2021-03-22,RRSAC1,D93BE1,62,2.44
2021-03-22,RRSAC1,D93BED,61,2.08
2021-03-22,RRSAC1,D93BF3,61,2.17
2021-03-22,RRSAC1,D93BFD,71,3.7
2021-03-22,RRSAC1,D93C4A,57,1.97
2021-03-22,RRSAC1,D93C64,NA,NA
2021-03-22,RRSAC1,D93C73,NA,NA
2021-03-22,RRSAC1,D93C7B,61,2.12
2021-03-22,RRSAC1,D93CB8,57,1.42
2021-03-22,RRSAC1,DBCEF0,65,2.65
2021-03-22,RRSAC2A,C38870,NA,NA
2021-03-22,RRSAC2A,C388A7,73,4.19
2021-03-22,RRSAC2A,C388A9,76,4.75
2021-03-22,RRSAC2A,C388B4,78,4.57
2021-03-22,RRSAC2A,D93B3D,NA,NA
2021-03-22,RRSAC2A,D93B8B,78,5.26
2021-03-22,RRSAC2A,D93BBC,77,4.26
2021-03-22,RRSAC2A,D93BD5,77,4.8
2021-03-22,RRSAC2A,D93BD7,76,4.65
2021-03-22,RRSAC2A,D93BDC,75,4.89
2021-03-22,RRSAC2A,D93BDD,73,3.99
2021-03-22,RRSAC2A,D93C01,NA,NA
2021-03-22,RRSAC2A,D93C05,72,3.99
2021-03-22,RRSAC2A,D93C4C,69,3.2
2021-03-22,RRSAC2A,D93C5C,72,3.84
2021-03-22,RRSAC2A,D93C97,78,5.09
2021-03-22,RRSAC2A,DBCE18,70,3.37
2021-03-22,RRSAC2A,DBCEEF,68,3.38
2021-03-22,RRSAC2C,D93B76,68,3.44
2021-03-22,RRSAC2C,D93B8C,NA,NA
2021-03-22,RRSAC2C,D93B90,71,4.21
2021-03-22,RRSAC2C,D93B99,79,5.01
2021-03-22,RRSAC2C,D93B9A,NA,NA
2021-03-22,RRSAC2C,D93BA8,76,4.71
2021-03-22,RRSAC2C,D93BD1,77,4.69
2021-03-22,RRSAC2C,D93BEA,72,3.96
2021-03-22,RRSAC2C,D93C14,68,3.05
2021-03-22,RRSAC2C,D93C3F,76,4.66
2021-03-22,RRSAC2C,D93C40,81,5.6
2021-03-22,RRSAC2C,D93C63,NA,NA
2021-03-22,RRSAC2C,D93C6C,NA,NA
2021-03-22,RRSAC2C,D93C7A,NA,NA
2021-03-22,RRSAC2C,D93CA0,76,4.45
2021-03-22,RRSAC2C,D93CA7,NA,NA
2021-03-22,RRSAC2C,DBCDDB,63,2.85
2021-03-22,RRSAC2C,DBCDE2,71,3.75
2021-03-22,RRSAC2C,DBCEA8,71,3.5
2021-03-22,RRSAC4,D93B71,60,2.34
2021-03-22,RRSAC4,D93BAA,59,2.04
2021-03-22,RRSAC4,D93C04,62,2.14
2021-03-22,RRSAC4,D93C06,64,2.54
2021-03-22,RRSAC4,D93C11,60,2.38
2021-03-22,RRSAC4,D93C1A,63,2.66
2021-03-22,RRSAC4,D93C28,58,2.37
2021-03-22,RRSAC4,D93C3A,62,2.5
2021-03-22,RRSAC4,D93C49,NA,NA
2021-03-22,RRSAC4,D93C5F,66,2.98
2021-03-22,RRSAC4,D93C72,66,3.18
2021-03-22,RRSAC4,D93C8A,64,2.44
2021-03-22,RRSAC4,D93C8E,74,4.19
2021-03-22,RRSAC4,D93C9D,61,2
2021-03-22,RRSAC4,D93CC5,56,1.53
2021-03-22,RRSAC4,NOTAG,62,2.71
2021-03-22,RRSAC5,C38896,NA,NA
2021-03-22,RRSAC5,C388E6,63,2.56
2021-03-22,RRSAC5,D93B40,66,3.14
2021-03-22,RRSAC5,D93B48,72,4.09
2021-03-22,RRSAC5,D93B85,67,2.93
2021-03-22,RRSAC5,D93B87,71,3.88
2021-03-22,RRSAC5,D93B94,NA,NA
2021-03-22,RRSAC5,D93BB4,NA,NA
2021-03-22,RRSAC5,D93BE5,NA,NA
2021-03-22,RRSAC5,D93C2B,NA,NA
2021-03-22,RRSAC5,D93C2C,67,2.92
2021-03-22,RRSAC5,D93C48,61,2.33
2021-03-22,RRSAC5,D93C9A,74,4.36
2021-03-22,RRSAC5,D93CAD,75,4.14
2021-03-22,RRSAC5,D93CBC,NA,NA
2021-03-22,RRSAC5,D93COC,65,3.03
2021-03-22,RRSAC5,DBCDE1,70,3.66
2021-03-22,RRSAC5,DBCE15,81,5.74
2021-03-22,RRSAC5,DBCEA7,NA,NA
2021-03-22,RRSAC5,DBCECF,68,3.4
2021-03-22,RRSAC5,DBCED0,65,2.98
2021-03-22,RRSAC5,NO TAG,57,1.95
2021-03-22,RRSAC6,C3885F,71,3.82
2021-03-22,RRSAC6,C38943,75,4.5
2021-03-22,RRSAC6,D93B5A,70,3.48
2021-03-22,RRSAC6,D93B5B,74,4.35
2021-03-22,RRSAC6,D93B96,75,4.51
2021-03-22,RRSAC6,D93BA9,64,2.75
2021-03-22,RRSAC6,D93BE0,65,2.81
2021-03-22,RRSAC6,D93BF4,65,3.07
2021-03-22,RRSAC6,D93BF6,70,3.51
2021-03-22,RRSAC6,D93BFE,67,3.12
2021-03-22,RRSAC6,D93C6B,68,3.44
2021-03-22,RRSAC6,D93C95,69,3.66
2021-03-22,RRSAC6,D93CB9,67,3.19
2021-03-22,RRSAC6,D93CBE,71,3.9
2021-03-22,RRSAC6,D93CC1,NA,NA
2021-03-22,RRSAC7,D93B6E,69,3.42
2021-03-22,RRSAC7,D93B98,69,3.61
2021-03-22,RRSAC7,D93BAD,57,1.79
2021-03-22,RRSAC7,D93BB2,68,3.12
2021-03-22,RRSAC7,D93BBF,68,3.04
2021-03-22,RRSAC7,D93BC8,67,3.03
2021-03-22,RRSAC7,D93BD6,61,2.18
2021-03-22,RRSAC7,D93BDE,66,2.97
2021-03-22,RRSAC7,D93C0D,60,2.18
2021-03-22,RRSAC7,D93C46,NA,NA
2021-03-22,RRSAC7,D93C4D,65,2.87
2021-03-22,RRSAC7,D93C90,58,1.88
2021-03-22,RRSAC7,D93C9F,67,2.98
2021-03-22,RRSAC7,D93CA6,67,2.93
2021-03-22,RRSAC7,D93CBD,62,2.3
2021-03-22,RRSAC7,NO TAG,67,3.05
2021-03-22,RRSAC8,C38858,NA,NA
2021-03-22,RRSAC8,C3885C,74,4.58
2021-03-22,RRSAC8,C38871,69,3.55
2021-03-22,RRSAC8,C38949,60,2.2
2021-03-22,RRSAC8,C3895A,75,4.88
2021-03-22,RRSAC8,D93B4E,71,4.2
2021-03-22,RRSAC8,D93BB6,75,4.66
2021-03-22,RRSAC8,D93BCA,NA,NA
2021-03-22,RRSAC8,D93BDO,NA,NA
2021-03-22,RRSAC8,D93BEC,71,4.37
2021-03-22,RRSAC8,D93C30,NA,NA
2021-03-22,RRSAC8,D93C71,72,3.98
2021-03-22,RRSAC8,D93C78,72,3.83
2021-03-22,RRSAC8,D93C7F,64,2.69
2021-03-22,RRSAC8,D93C83,63,2.97
2021-03-22,RRSAC8,D93C92,NA,NA
2021-03-22,RRSAC8,D93CBB,68,3.27
2021-03-22,RRSAC8,D93CC2,62,2.48
2021-03-22,RRSAC8,D93DE9,68,3.2
2021-03-22,RRSAC8,NO TAG,71,4.01
2021-03-29,RRCAN,D93B4F,72,3.76
2021-03-29,RRCAN,D93B63,77,4.55
2021-03-29,RRCAN,D93B68,80,4.93
2021-03-29,RRCAN,D93B6C,72,3.63
2021-03-29,RRCAN,D93B72,70,3.31
2021-03-29,RRCAN,D93B8E,82,5.06
2021-03-29,RRCAN,D93BAC,65,2.89
2021-03-29,RRCAN,D93BAE,76,4.04
2021-03-29,RRCAN,D93BAF,78,4.32
2021-03-29,RRCAN,D93BC3,81,5.39
2021-03-29,RRCAN,D93BCD,78,4.35
2021-03-29,RRCAN,D93BD9,78,4.83
2021-03-29,RRCAN,D93C34,80,4.79
2021-03-29,RRCAN,D93C82,85,6.14
2021-03-29,RRCAN,D93CAE,74,3.99
2021-03-29,RRSAC1,C3887D,60,2.11
2021-03-29,RRSAC1,D93B38,NA,NA
2021-03-29,RRSAC1,D93B56,63,2.55
2021-03-29,RRSAC1,D93B5E,67,3.02
2021-03-29,RRSAC1,D93B6D,67,2.91
2021-03-29,RRSAC1,D93B7B,59,1.84
2021-03-29,RRSAC1,D93B7D,NA,NA
2021-03-29,RRSAC1,D93B7F,NA,NA
2021-03-29,RRSAC1,D93B9C,NA,NA
2021-03-29,RRSAC1,D93BAB,62,2.43
2021-03-29,RRSAC1,D93BE1,63,2.55
2021-03-29,RRSAC1,D93BED,61,2.02
2021-03-29,RRSAC1,D93BF3,61,2.28
2021-03-29,RRSAC1,D93BFD,72,3.89
2021-03-29,RRSAC1,D93C4A,58,2.14
2021-03-29,RRSAC1,D93C64,NA,NA
2021-03-29,RRSAC1,D93C73,NA,NA
2021-03-29,RRSAC1,D93C7B,61,2.07
2021-03-29,RRSAC1,D93CB8,57,1.31
2021-03-29,RRSAC1,DBCEF0,66,2.83
2021-03-29,RRSAC2A,C38870,NA,NA
2021-03-29,RRSAC2A,C388A7,76,4.56
2021-03-29,RRSAC2A,C388A9,78,5.59
2021-03-29,RRSAC2A,C388B4,78,4.8
2021-03-29,RRSAC2A,D93B3D,NA,NA
2021-03-29,RRSAC2A,D93B8B,81,5.8
2021-03-29,RRSAC2A,D93BBC,77,4.66
2021-03-29,RRSAC2A,D93BD5,81,5.47
2021-03-29,RRSAC2A,D93BD7,81,5.48
2021-03-29,RRSAC2A,D93BDC,75,5.77
2021-03-29,RRSAC2A,D93BDD,76,4.22
2021-03-29,RRSAC2A,D93C01,NA,NA
2021-03-29,RRSAC2A,D93C05,75,4.53
2021-03-29,RRSAC2A,D93C4C,69,3.18
2021-03-29,RRSAC2A,D93C5C,75,4.31
2021-03-29,RRSAC2A,D93C97,82,5.79
2021-03-29,RRSAC2A,DBCE18,72,3.83
2021-03-29,RRSAC2A,DBCEEF,72,3.96
2021-03-29,RRSAC2C,D93B76,71,3.77
2021-03-29,RRSAC2C,D93B8C,NA,NA
2021-03-29,RRSAC2C,D93B90,75,4.8
2021-03-29,RRSAC2C,D93B99,80,5.14
2021-03-29,RRSAC2C,D93B9A,NA,NA
2021-03-29,RRSAC2C,D93BA8,81,5.62
2021-03-29,RRSAC2C,D93BD1,79,5.12
2021-03-29,RRSAC2C,D93BEA,73,4.17
2021-03-29,RRSAC2C,D93C14,70,3.34
2021-03-29,RRSAC2C,D93C3F,78,5.15
2021-03-29,RRSAC2C,D93C40,84,6.73
2021-03-29,RRSAC2C,D93C63,NA,NA
2021-03-29,RRSAC2C,D93C6C,NA,NA
2021-03-29,RRSAC2C,D93C7A,NA,NA
2021-03-29,RRSAC2C,D93CA0,78,4.76
2021-03-29,RRSAC2C,D93CA7,NA,NA
2021-03-29,RRSAC2C,DBCDDB,66,3.33
2021-03-29,RRSAC2C,DBCDE2,74,4.33
2021-03-29,RRSAC2C,DBCEA8,73,3.85
2021-03-29,RRSAC4,D93B71,61,2.56
2021-03-29,RRSAC4,D93BAA,60,2.11
2021-03-29,RRSAC4,D93C04,63,2.34
2021-03-29,RRSAC4,D93C06,65,2.57
2021-03-29,RRSAC4,D93C11,62,2.61
2021-03-29,RRSAC4,D93C1A,65,2.97
2021-03-29,RRSAC4,D93C28,58,2.43
2021-03-29,RRSAC4,D93C3A,64,2.87
2021-03-29,RRSAC4,D93C49,NA,NA
2021-03-29,RRSAC4,D93C5F,68,3.38
2021-03-29,RRSAC4,D93C72,67,3.05
2021-03-29,RRSAC4,D93C8A,64,2.41
2021-03-29,RRSAC4,D93C8E,76,4.6
2021-03-29,RRSAC4,D93C9D,61,2.03
2021-03-29,RRSAC4,D93CC5,56,1.62
2021-03-29,RRSAC4,NOTAG,65,3.23
2021-03-29,RRSAC5,C38896,NA,NA
2021-03-29,RRSAC5,C388E6,64,2.75
2021-03-29,RRSAC5,D93B40,68,3.21
2021-03-29,RRSAC5,D93B48,73,4.18
2021-03-29,RRSAC5,D93B85,67,3
2021-03-29,RRSAC5,D93B87,73,4.23
2021-03-29,RRSAC5,D93B94,NA,NA
2021-03-29,RRSAC5,D93BB4,NA,NA
2021-03-29,RRSAC5,D93BE5,NA,NA
2021-03-29,RRSAC5,D93C2B,NA,NA
2021-03-29,RRSAC5,D93C2C,67,2.99
2021-03-29,RRSAC5,D93C48,63,2.53
2021-03-29,RRSAC5,D93C9A,77,4.82
2021-03-29,RRSAC5,D93CAD,76,4.41
2021-03-29,RRSAC5,D93CBC,NA,NA
2021-03-29,RRSAC5,D93COC,68,3.42
2021-03-29,RRSAC5,DBCDE1,70,3.71
2021-03-29,RRSAC5,DBCE15,NA,NA
2021-03-29,RRSAC5,DBCEA7,NA,NA
2021-03-29,RRSAC5,DBCECF,71,3.74
2021-03-29,RRSAC5,DBCED0,68,3.28
2021-03-29,RRSAC5,NO TAG,60,2.28
2021-03-29,RRSAC6,C3885F,72,3.9
2021-03-29,RRSAC6,C38943,77,5.3
2021-03-29,RRSAC6,D93B5A,71,3.81
2021-03-29,RRSAC6,D93B5B,77,4.92
2021-03-29,RRSAC6,D93B96,77,4.6
2021-03-29,RRSAC6,D93BA9,67,3.08
2021-03-29,RRSAC6,D93BE0,67,2.88
2021-03-29,RRSAC6,D93BF4,69,3.56
2021-03-29,RRSAC6,D93BF6,71,3.4
2021-03-29,RRSAC6,D93BFE,69,3.25
2021-03-29,RRSAC6,D93C6B,68,3.43
2021-03-29,RRSAC6,D93C95,NA,NA
2021-03-29,RRSAC6,D93CB9,70,3.73
2021-03-29,RRSAC6,D93CBE,73,4.05
2021-03-29,RRSAC6,D93CC1,NA,NA
2021-03-29,RRSAC7,D93B6E,71,3.68
2021-03-29,RRSAC7,D93B98,71,4.03
2021-03-29,RRSAC7,D93BAD,57,1.79
2021-03-29,RRSAC7,D93BB2,68,3.23
2021-03-29,RRSAC7,D93BBF,69,3.15
2021-03-29,RRSAC7,D93BC8,68,3.12
2021-03-29,RRSAC7,D93BD6,62,2.36
2021-03-29,RRSAC7,D93BDE,68,3.12
2021-03-29,RRSAC7,D93C0D,60,2.21
2021-03-29,RRSAC7,D93C46,NA,NA
2021-03-29,RRSAC7,D93C4D,66,2.96
2021-03-29,RRSAC7,D93C90,59,1.96
2021-03-29,RRSAC7,D93C9F,67,3.29
2021-03-29,RRSAC7,D93CA6,68,3.08
2021-03-29,RRSAC7,D93CBD,62,2.31
2021-03-29,RRSAC7,NO TAG,68,3.33
2021-03-29,RRSAC8,C38858,NA,NA
2021-03-29,RRSAC8,C3885C,76,4.99
2021-03-29,RRSAC8,C38871,71,3.8
2021-03-29,RRSAC8,C38949,61,2.46
2021-03-29,RRSAC8,C3895A,80,5.56
2021-03-29,RRSAC8,D93B4E,74,4.92
2021-03-29,RRSAC8,D93BB6,79,5.46
2021-03-29,RRSAC8,D93BCA,NA,NA
2021-03-29,RRSAC8,D93BDO,NA,NA
2021-03-29,RRSAC8,D93BEC,74,4.69
2021-03-29,RRSAC8,D93C30,NA,NA
2021-03-29,RRSAC8,D93C71,73,4.22
2021-03-29,RRSAC8,D93C78,73,4.08
2021-03-29,RRSAC8,D93C7F,NA,NA
2021-03-29,RRSAC8,D93C83,66,3.15
2021-03-29,RRSAC8,D93C92,NA,NA
2021-03-29,RRSAC8,D93CBB,70,3.6
2021-03-29,RRSAC8,D93CC2,62,2.65
2021-03-29,RRSAC8,D93DE9,70,3.38
2021-03-29,RRSAC8,NO TAG,74,4.11
