ID,Pseudodiptomus.Adult,Psedodiptomus.copepidite,Acanthocyclops.adult,Acanthocyclops.copepididte,Cyclopoid.sp.,Cyclopoid.nauplii,Calanoid.naulpii,Harpaticoid,Daphnia.pulex,Daphnia.laevis,Daphnia.magna,Daphnia.mendotea,Ceriodaphnia.sp.,Simocephalus.sp.,Bosmina.sp.,Sididae,Chydorus.sphaericus,Eurycercus,Alona,Chydoridae,Diaphanosoma,Scapholeberis,Embryo,Eucypris,Illyocypris,Cypridopsis,Gammarus,Rotifer,Polychaete,Acari,Chironomid.larvae,Oligochaete,Gastropod,Tardigrade,Nematode,Hyallela,Hydra,Terrestrial.insect,Collembola,Baetidae,Diptera,Hydroptilidae,Coleoptera,Ephemerellidae,Odonata,Bivalve,Trichoptera,Corixidae,Fish.larvae,Streblocerus,Amphipod,Ilyocryptus,DATE,LOCATION,TIME,TEMP..C.,EC...s.cm.,SPC...s.cm.,TDS..mg.L.,SALINITY..PSU.,DO....sat.,DO..mg.L.,pH,TURBIDITY..NTU.,CHL...g.L.,BGA...g.L.,Start.Rotation,End.Rotation,ZOOP.SCORE..1.10.,Notes,VolumeSampled
RRCAN_11/9/2020_10:00,20,220,0,180,0,0,20,0,60,0,0,0,0,0,4860,20,40,0,0,0,180,0,0,40,0,0,0,3240,0,0,0,0,0,0,0,0,0,0,0,0,0,0,0,0,0,0,0,0,0,0,0,20,11/9/20,RRCAN,10:00,11.22,690.1,935.4,608,0.46,77.7,8.48,8.59,38.83,60.76,2.71,87217,87905,2,,1.306885127
RRCAN_11/16/2020_8:50,0,0,7.692307692,92.30769231,0,0,84.61538462,0,0,0,0,0,0,0,930.7692308,0,100,0,15.38461538,0,0,0,0,30.76923077,0,15.38461538,0,492.3076923,0,0,0,7.692307692,0,0,0,0,0,0,0,0,0,0,0,0,0,0,0,0,0,0,0,0,11/16/20,RRCAN,8:50,11.199,625.6,848.5,551,0.42,87.8,9.6,8.46,24.19,37.7,2.18,97297,98001,1,,1.337277804
RRCAN_11/23/2020_8:40,0,0,0,1166.666667,0,400,100,66.66666667,0,0,0,0,16.66666667,0,666.6666667,0,316.6666667,0,33.33333333,0,0,0,0,16.66666667,0,0,0,1583.333333,0,0,0,0,0,0,0,0,0,0,0,0,0,0,0,0,0,0,0,0,0,0,0,0,11/23/20,RRCAN,8:40,10.228,657.5,914.9,595,0.45,55.7,6.23,8.04,33.27,13.64,1.51,111083,111747,2,,1.261296111
RRCAN_11/30/2020_8:45,0,0,0,1650,0,25,25,0,0,0,0,0,50,0,875,0,87.5,0,12.5,0,0,0,0,0,0,0,0,1525,0,0,0,0,0,0,0,0,0,0,0,0,0,0,0,0,0,0,0,0,0,0,0,0,11/30/20,RRCAN,8:45,7.688,603.8,900.5,585,0.45,87.1,10.33,8.37,23.17,30.44,2.21,126275,126928,1,,1.240401145
RRCAN_12/8/2020_8:25,0,0,0,1300,0,16.66666667,500,183.3333333,16.66666667,0,0,0,0,0,66.66666667,0,250,0,16.66666667,0,0,0,0,16.66666667,0,0,0,10066.66667,0,0,0,50,0,0,0,0,0,0,0,0,0,0,0,0,0,0,0,0,0,0,0,0,12/8/20,RRCAN,8:25,8.413,767.7,1122.6,729,0.56,89.7,10.47,8.21,30.16,2.46,2.07,153635,154309,2,,1.280291534
RRCAN_12/15/2020_11:20,0,0,0,1460,0,0,260,100,0,0,0,0,0,0,300,0,560,0,40,0,0,0,0,0,0,0,0,4520,0,0,0,0,0,0,0,0,0,0,0,0,0,0,0,0,0,0,0,0,0,0,0,0,12/15/20,RRCAN,11:20,9.631,797.6,1127.8,734,0.56,96.6,10.95,8.34,40.21,20.83,1.62,179453,180013,2,,1.063743708
RRCAN_12/22/2020_8:30,0,0,0,2100,0,0,350,1500,0,0,0,0,0,0,250,0,200,0,150,0,0,0,0,100,0,0,0,15000,0,0,0,0,0,0,0,0,0,0,0,0,0,0,0,0,0,0,0,0,0,0,0,0,12/22/20,RRCAN,8:30,7.971,781,115.8,751,0.58,74.1,8.74,8.22,35.14,17.09,1.71,196650,197289,2,,1.213807552
RRCAN_12/29/2020_8:20,0,0,0,945.4545455,0,0,72.72727273,290.9090909,0,0,0,0,0,0,636.3636364,0,272.7272727,0,0,0,0,0,327.2727273,0,0,0,0,37000,18.18181818,0,0,0,0,0,18.18181818,0,0,0,0,0,0,0,0,0,0,0,0,0,0,0,0,0,12/29/20,RRCAN,8:20,7.612,759.5,1135.6,739,0.57,82.9,9.86,8.16,36.05,21.91,2.28,219437,220095,2,,1.249898857
RRCAN_1/5/2021_8:35,0,50,0,1050,0,0,200,1800,0,0,0,0,0,50,950,0,150,0,200,0,0,0,0,100,0,0,0,6250,0,0,0,50,0,0,0,0,0,0,0,0,0,0,0,0,0,0,0,0,0,0,0,0,1/5/21,RRCAN,8:35,9.334,586.4,836.2,544,0.41,78.4,8.96,7.97,42.52,14.94,1.79,235813,236494,2,,1.293588331
RRCAN_1/12/2021_8:20,0,0,200,3333.333333,0,200,400,933.3333333,66.66666667,0,0,0,866.6666667,0,2466.666667,0,2400,0,200,0,0,0,266.6666667,66.66666667,0,0,0,8866.666667,0,0,0,0,0,0,0,0,0,0,0,0,0,0,0,0,0,0,0,0,0,0,0,0,1/12/21,RRCAN,8:20,8.674,767.3,1035.7,673,0.52,77.2,8.96,7.86,71.35,6.75,1.39,266462,267113,2,,1.23660206
RRCAN_1/15/2021_11:30,0,0,200,17200,0,0,1400,0,0,0,0,0,200,600,3200,0,1600,0,0,0,0,0,0,200,0,0,0,26400,0,0,0,0,0,0,0,0,0,0,0,0,0,0,0,0,0,0,0,0,0,0,0,0,1/15/21,RRCAN,11:30,12.09,861,1141.9,742,0.57,75.1,8.05,7.86,77.53,10.23,1.12,277298,278022,4,,1.375268651
RRCAN_1/19/2021_8:10,0,0,200,15800,0,0,600,900,1900,0,200,0,1100,1900,1300,100,4800,0,100,0,0,0,300,200,0,0,0,2000,0,0,0,0,0,0,100,0,0,0,0,0,0,0,0,0,0,0,0,0,0,0,0,0,1/19/21,RRCAN,8:10,8.677,847.3,1228.8,799,0.62,88,10.19,8.12,96.35,9.27,1.35,297194,297873,5,,1.289789246
RRCAN_1/22/2021_8:30,225.0000056,75.00000188,75.00000188,10350.00026,0,75.00000188,150.0000038,225.0000056,675.0000169,0,300.0000075,0,1575.000039,300.0000075,2325.000058,0,1875.000047,0,75.00000188,0,0,0,150.0000038,0,0,0,0,1800.000045,0,0,0,0,0,0,0,0,0,0,0,0,0,0,0,0,0,0,0,0,0,0,0,0,1/22/21,RRCAN,8:30,8.273,808.2,1186.1,771,0.59,83.6,9.79,8.02,112.41,9.91,1.53,309921,310669,5,,1.420857667
RRCAN_1/26/2021_8:20,0,0,200,5550,0,100,0,200,1050,0,0,0,950,0,600,0,2550,0,100,0,50,0,650,0,0,0,0,2100,0,0,0,0,0,0,0,0,0,0,0,0,0,0,0,0,0,0,0,0,0,0,0,0,1/26/21,RRCAN,8:20,6.607,555.3,855.6,556,0.42,81,9.9,7.99,49.57,11.15,1.28,326804,327461,4,,1.247999314
RRCAN_2/2/2021_8:20,0,0,200,21400,0,400,0,0,3200,0,1200,0,0,0,12200,200,5600,0,800,0,0,200,0,200,0,0,0,14200,0,0,0,0,0,0,0,0,0,0,0,0,0,0,0,0,0,0,0,0,0,200,0,0,2/2/21,RRCAN,8:20,12.95,765.3,993.5,646,0.49,77.3,8.06,781,109.52,8.96,1.04,348424,349072,5,,1.230903433
RRCAN_2/8/2021_8:00,0,100,250,9300,0,0,50,100,2250,0,0,0,250,0,1500,0,2050,0,150,0,0,0,100,100,0,0,0,700,0,0,0,50,0,0,0,0,0,0,0,0,0,0,0,0,0,0,0,0,0,0,0,0,2/8/21,RRCAN,8:00,9.668,658,929.4,604,0.46,71.2,8.07,7.89,75.95,7.96,1.13,361385,362061,4,,1.284090619
RRCAN_2/15/2021_8:00,0,0,1000,24200,0,0,0,1800,2000,0,0,0,2600,0,500,0,2900,0,0,0,0,0,0,0,0,0,0,7200,0,0,0,0,0,0,0,0,0,0,0,0,0,0,0,0,0,0,0,0,0,0,0,0,2/15/21,RRCAN,8:00,11.543,1177,1583.4,1030,0.81,84.8,9.23,8.06,167.49,11.59,1.62,382629,383250,5,,1.17961579
RRCAN_2/22/2021_8:00,0,0,300,13400,0,0,100,200,7400,0,800,0,2900,1400,1500,0,5500,0,300,0,0,0,0,0,0,0,0,6700,0,0,100,0,0,0,0,0,0,0,0,0,0,0,0,0,0,0,0,0,0,0,0,0,2/22/21,RRCAN,8:00,10.348,NA,107.8,NA,0.54,91.5,10.17,8.01,75.67,6.74,NA,405219,405854,5,,1.206209383
RRCAN_3/1/2021_8:25,0,0,1200,23400,0,0,0,0,24800,0,2400,0,5200,0,2800,0,13000,0,200,0,0,0,0,0,0,0,0,51000,0,0,0,0,0,0,0,0,0,0,0,0,0,0,0,0,0,0,0,0,0,0,0,0,3/1/21,RRCAN,8:25,10.281,878,1220,793.242,0.61,91.6,10.22,8.09,74.85,11.06,1.36,426721,427371,8,,1.234702518
RRCAN_3/8/2021_8:00,0,0,400,3700,0,100,100,100,5800,0,500,0,5300,0,4500,0,1900,0,600,0,0,0,100,0,0,0,0,17700,0,0,0,0,0,0,0,0,0,0,0,0,0,0,0,0,0,0,0,0,0,0,0,0,3/8/21,RRCAN,8:00,12.152,802,1061,690.475,0.53,86.7,9.27,7.99,91.82,9.08,1.38,451097,451718,6,,1.17961579
RRCAN_3/15/2021_8:30,0,0,0,3200,0,0,100,0,1800,0,100,0,1200,200,2200,0,5600,0,300,0,0,0,0,0,0,0,0,16600,0,0,0,0,0,0,0,0,0,0,0,0,0,0,0,0,0,0,0,0,0,0,0,0,3/15/21,RRCAN,8:30,10.361,882,1224,795.813,0.61,83.7,9.32,8.1,76.82,9.22,1.37,471998,472638,4,,1.215707095
RRCAN_3/22/2021_8:40,0,0,16.66666667,2016.666667,0,116.6666667,416.6666667,0,250,0,0,0,100,0,200,16.66666667,1950,0,150,0,0,0,83.33333333,16.66666667,0,0,0,1933.333333,0,0,0,0,0,0,0,0,0,0,0,0,0,0,0,0,0,0,0,0,0,0,0,0,3/22/21,RRCAN,8:40,13.273,985,126.7,821.083,0.63,82.7,8.62,8.2,5.62,13.76,1.31,492312,492940,2,,1.192912587
RRCAN_3/29/2021_8:40,0,0,0,22349.99888,0,0,1000,50,0,0,0,0,0,0,25,0,775,0,175,0,0,25,0,50,0,0,0,900,0,0,0,75,0,0,0,0,0,0,0,0,0,0,0,0,0,0,0,0,0,25,0,0,3/29/21,RRCAN,8:40,16.873,994,1176,764.311,0.59,119.3,11.53,8.43,54.96,30.38,2.02,0,0,2,,1.413716694
RRSAC1_11/9/2020_9:45,0,1.818181818,1.818181818,180,0,1.818181818,12.72727273,0,14.54545455,0,0,0,96.36363636,1.818181818,72.72727273,0,16.36363636,0,65.45454545,0,3.636363636,1.818181818,0,0,1.818181818,0,0,25.45454545,0,7.272727273,0,0,0,7.272727273,0,0,3.636363636,0,3.636363636,0,0,0,0,0,0,0,0,0,0,0,0,0,11/9/20,RRSAC1,9:45,12.05,130.7,173.5,113,0.08,96.9,10.42,8.16,1.79,1.38,0.81,86525,87216,1,,1.312583754
RRSAC1_11/16/2020_8:40,4.444444444,8.888888889,4.444444444,275.5555556,0,4.444444444,40,0,53.33333333,0,0,0,440,22.22222222,62.22222222,0,26.66666667,0,80,0,4.444444444,0,0,0,0,0,0,217.7777778,4.444444444,4.444444444,4.444444444,35.55555556,0,17.77777778,0,0,0,0,0,0,0,0,0,0,0,0,0,0,0,0,0,0,11/16/20,RRSAC1,8:40,10.91,132.5,181.1,118,0.09,98.7,10.9,8.03,2.52,1.74,0.85,96711,97287,1,,1.094136385
RRSAC1_11/23/2020_8:30,0,0,45.00000011,270.0000007,0,0,45.00000011,0,120.0000003,0,0,0,795.000002,67.50000017,142.5000004,0,30.00000008,0,7.500000019,0,0,0,0,7.500000019,0,0,0,375.0000009,0,0,7.500000019,0,0,15.00000004,0,0,0,7.500000019,0,0,0,0,0,0,0,0,0,0,0,0,0,0,11/23/20,RRSAC1,8:30,11.124,145.4,197.6,128,0.09,94.4,10.37,7.89,3.33,1.51,0.76,110424,111073,1,,1.232802976
RRSAC1_11/30/2020_8:35,0,3.333333333,6.666666667,263.3333333,0,6.666666667,20,3.333333333,90,0,0,0,400,36.66666667,130,0,33.33333333,0,33.33333333,0,0,0,0,0,0,0,0,80,0,0,6.666666667,6.666666667,0,6.666666667,3.333333333,0,3.333333333,0,3.333333333,0,0,0,0,0,0,0,0,0,0,10,0,0,11/30/20,RRSAC1,8:35,9.687,135.6,191.4,124,0.09,98.2,11.16,8.04,7.77,2.21,0.9,125617,126271,1,,1.242300687
RRSAC1_12/8/2020_8:10,0,1.538461538,4.615384615,135.3846154,0,3.076923077,15.38461538,0,27.69230769,0,3.076923077,0,146.1538462,20,83.07692308,1.538461538,26.15384615,0,50.76923077,0,0,4.615384615,1.538461538,4.615384615,0,0,0,133.8461538,0,9.230769231,12.30769231,20,0,9.230769231,1.538461538,0,0,0,0,0,0,0,0,0,0,0,0,0,0,0,0,1.538461538,12/8/20,RRSAC1,8:10,9.616,136.7,193.3,126,0.09,98.7,11.23,7.81,1.91,1.4,0.78,153041,153633,1,,1.124529063
RRSAC1_12/15/2020_11:10,5,0,30,350,0,10,65,0,115,0,5,0,485,35,325,0,110,0,60,0,0,10,10,0,0,0,0,175,0,0,5,15,0,0,0,0,0,0,0,0,0,0,0,0,0,0,0,0,0,0,0,0,12/15/20,RRSAC1,11:10,10.014,146.6,205.2,133,0.1,95.5,10.77,7.81,3.03,1.45,0.67,178841,179447,1,,1.151122655
RRSAC1_12/22/2020_8:10,0,6.666666667,26.66666667,626.6666667,0,33.33333333,93.33333333,0,86.66666667,0,20,0,340,13.33333333,133.3333333,0,320,0,126.6666667,0,0,0,13.33333333,0,0,0,0,740,0,0,6.666666667,40,0,6.666666667,0,0,0,0,0,0,0,0,0,0,0,0,0,0,0,6.666666667,0,0,12/22/20,RRSAC1,8:10,8.988,146.1,210.3,137,0.1,94.9,10.97,7.83,3.37,3.64,0.89,196048,196646,1,,1.135926317
RRSAC1_12/29/2020_8:10,0,0,30,316.6666667,0,0,6.666666667,6.666666667,56.66666667,0,0,0,163.3333333,6.666666667,66.66666667,3.333333333,296.6666667,0,63.33333333,0,0,0,3.333333333,0,0,0,0,113.3333333,70,10,16.66666667,40,0,6.666666667,0,0,6.666666667,0,3.333333333,0,0,0,0,0,0,0,0,0,0,0,0,0,12/29/20,RRSAC1,8:10,8.857,140.8,203.4,132,0.1,96.5,11.19,7.82,4.97,2.19,0.77,218816,219424,1,,1.15492174
RRSAC1_1/5/2021_8:20,0,5.714285714,2.857142857,197.1428571,0,14.28571429,20,2.857142857,34.28571429,0,0,0,94.28571429,34.28571429,100,0,314.2857143,0,120,0,0,5.714285714,0,8.571428571,0,0,0,51.42857143,0,0,2.857142857,20,0,11.42857143,0,0,0,0,0,0,0,0,0,0,0,0,0,0,0,0,0,14.28571429,1/5/21,RRSAC1,8:20,9.679,147.5,208.3,135,0.1,96.2,10.94,7.74,3.5,2.46,0.79,235202,235880,1,,1.287889704
RRSAC1_1/12/2021_8:10,0,3.571428571,25,214.2857143,0,14.28571429,14.28571429,0,28.57142857,0,0,0,46.42857143,0,25,0,350,0,85.71428571,0,0,0,3.571428571,0,0,0,0,71.42857143,85.71428571,3.571428571,10.71428571,35.71428571,0,21.42857143,10.71428571,0,0,0,3.571428571,0,0,0,0,0,3.571428571,0,0,0,0,0,0,0,1/12/21,RRSAC1,8:10,9.354,150.1,213.8,139,0.1,96.4,1.04,7.76,10.07,2,0.71,265686,266464,1,,1.477843937
RRSAC1_1/15/2021_11:20,0,0,5.172413793,136.2068966,0,8.620689655,3.448275862,0,24.13793103,0,0,0,31.03448276,0,39.65517241,5.172413793,160.3448276,0,34.48275862,0,0,1.724137931,13.79310345,1.724137931,0,0,0,65.51724138,44.82758621,0,5.172413793,10.34482759,0,13.79310345,0,0,6.896551724,3.448275862,0,3.448275862,0,0,0,5.172413793,0,0,0,0,0,0,0,0,1/15/21,RRSAC1,11:20,10.663,117,160.9,105,0.08,99.5,11.06,7.79,2.6,1.42,0.55,276507,277293,1,,1.493040276
RRSAC1_1/19/2021_8:00,0,0,8.333333333,179.1666667,0,12.5,0,0,45.83333333,0,0,0,29.16666667,0,12.5,0,200,0,58.33333333,0,25,0,12.5,4.166666667,0,0,0,145.8333333,375,16.66666667,8.333333333,33.33333333,0,66.66666667,25,0,12.5,0,0,0,0,0,0,0,0,0,0,0,0,0,0,0,1/19/21,RRSAC1,8:00,10.522,151.8,209.6,136,0.1,96.6,10.76,7.87,5.09,2.89,0.68,296517,297193,2,,1.284090619
RRSAC1_1/22/2021_8:20,0,3.333333333,8.333333333,158.3333333,0,1.666666667,3.333333333,0,41.66666667,0,0,0,26.66666667,0,25,3.333333333,70,0,16.66666667,0,0,0,6.666666667,1.666666667,1.666666667,0,0,45,68.33333333,11.66666667,10,23.33333333,0,13.33333333,1.666666667,0,3.333333333,0,0,3.333333333,0,0,0,0,0,0,0,0,0,0,0,0,1/22/21,RRSAC1,8:20,9.881,151.1,217.2,138,0.1,99.5,11.26,7.87,11.92,2.69,2,309275,309921,1,,1.227104349
RRSAC1_1/26/2021_8:10,0,1.428571429,8.571428571,135.7142857,0,2.857142857,8.571428571,1.428571429,34.28571429,0,4.285714286,0,21.42857143,4.285714286,42.85714286,0,82.85714286,0,37.14285714,0,0,0,1.428571429,0,0,0,0,11.42857143,0,1.428571429,11.42857143,20,0,10,20,0,8.571428571,0,2.857142857,0,0,0,0,0,0,0,0,0,0,0,0,5.714285714,1/26/21,RRSAC1,8:10,8.531,141.8,206.7,134,0.1,97.8,11.41,7.97,2.57,2.77,0.87,326303,326806,1,,0.955469795
RRSAC1_2/2/2021_8:15,0,0,10,260,0,20,10,0,60,0,0,0,70,40,30,0,960,0,350,0,0,0,90,0,0,0,0,50,0,0,10,0,0,10,0,0,10,0,0,0,0,0,0,0,0,0,0,0,0,0,0,0,2/2/21,RRSAC1,8:15,9.812,128.8,181.2,118,0.09,87.7,9.93,7.52,15.6,3.52,0.67,347768,348411,1,,1.221405722
RRSAC1_2/8/2021_7:40,5,20,5,335,0,0,5,0,45,0,0,0,55,0,60,10,480,0,170,0,0,5,35,5,0,0,0,60,50,35,20,55,0,20,5,0,5,0,0,5,0,0,0,0,0,0,0,0,0,0,0,0,2/8/21,RRSAC1,7:40,10.157,148.5,206.9,134,0.1,93.8,10.54,7.6,11.37,2.7,0.67,360728,361374,2,,1.227104349
RRSAC1_2/15/2021_7:50,0,6.25,6.25,225,0,6.25,25,0,50,0,0,0,68.75,0,50,6.25,587.5,0,93.75,0,0,56.25,0,0,0,0,0,125,75,12.5,6.25,18.75,0,50,31.25,0,25,0,6.25,0,0,0,0,0,0,0,0,0,0,0,0,0,2/15/21,RRSAC1,7:50,11.399,153.6,207.3,135,0.1,96.6,10.55,7.74,13.29,4.25,0.63,381875,382632,1,,1.437953548
RRSAC1_2/22/2021_7:50,0,18.75,18.75,256.25,0,0,12.5,0,75,0,0,0,87.5,6.25,87.5,25,662.5,0,68.75,0,0,0,68.75,0,0,0,0,68.75,25,0,0,0,0,12.5,12.5,0,18.75,0,0,0,0,0,0,0,0,0,0,0,0,0,0,0,2/22/21,RRSAC1,7:50,10.637,NA,214.3,NA,0.1,101.3,11.26,7.92,5.9,2.39,NA,404548,405204,1,,1.246099772
RRSAC1_3/1/2021_8:10,0,5.882352941,11.76470588,182.3529412,0,5.882352941,2.941176471,0,35.29411765,0,2.941176471,0,20.58823529,0,44.11764706,14.70588235,264.7058824,0,73.52941176,0,0,0,50,2.941176471,0,0,0,123.5294118,111.7647059,55.88235294,35.29411765,38.23529412,0,35.29411765,35.29411765,0,20.58823529,2.941176471,0,8.823529412,0,0,0,0,0,0,0,0,0,0,0,0,3/1/21,RRSAC1,8:10,10.907,156.1,213,138.42,0.1,103.7,11.45,8.16,5.58,5.04,0.88,426084,426718,1,,1.204309841
RRSAC1_3/8/2021_7:50,5,7.5,5,112.5,0,0,10,20,17.5,0,2.5,0,25,0,15,0,245,0,35,0,0,0,0,2.5,0,0,0,15,0,0,20,35,0,20,10,0,5,0,5,0,0,0,0,0,0,0,0,0,0,0,0,7.5,3/8/21,RRSAC1,7:50,13.046,161.6,209.8,136.175,0.1,99.7,10.49,8.16,4.56,3.06,0.71,450433,451100,1,,1.266994738
RRSAC1_3/15/2021_8:20,1.904761905,0,11.42857143,200,0,1.904761905,7.619047619,11.42857143,0,0,1.904761905,0,9.523809524,0,19.04761905,0,66.66666667,1.904761905,83.80952381,0,0,0,0,3.80952381,0,0,0,3.80952381,0,0,38.0952381,53.33333333,0,22.85714286,34.28571429,0,1.904761905,0,0,0,0,0,0,0,0,0,0,0,0,0,0,5.714285714,3/15/21,RRSAC1,8:20,11.747,146,195.1,126.904,0.09,98,10.61,7.93,2.23,3.16,0.8,471337,471995,1,,1.249898857
RRSAC1_3/22/2021_8:25,10,15,5,275,0,5,50,5,15,0,0,0,170,0,50,0,580,0,120,0,0,5,0,10,0,0,0,10,0,0,35,25,0,15,30,0,10,0,5,0,0,0,0,0,0,0,0,0,0,0,0,0,3/22/21,RRSAC1,8:25,12.752,139.7,182.3,118.516,0.09,101.4,10.74,7.82,5.78,3.65,0.6,491641,492293,1,,1.238501603
RRSAC1_3/29/2021_8:30,4.545454545,63.63636364,9.090909091,440.9090909,0,13.63636364,4.545454545,0,36.36363636,0,0,0,104.5454545,0,122.7272727,0,381.8181818,0,168.1818182,0,0,4.545454545,0,4.545454545,0,0,0,109.0909091,0,90.90909091,27.27272727,4.545454545,0,45.45454545,18.18181818,0,36.36363636,0,4.545454545,4.545454545,0,0,0,9.090909091,0,0,0,4.545454545,0,0,0,13.63636364,3/29/21,RRSAC1,8:30,15.356,165.3,202.5,131.633,0.1,100.5,10.05,8.12,8.86,2.93,0.41,0,0,1,,1.413716694
RRSAC2_11/9/2020_9:35,1.315789474,2.631578947,3.947368421,126.3157895,0,0,21.05263158,0,3.947368421,0,0,0,68.42105263,0,94.73684211,0,5.263157895,0,39.47368421,0,2.631578947,0,0,0,0,0,0,23.68421053,0,2.631578947,3.947368421,28.94736842,0,6.578947368,2.631578947,0,1.315789474,0,2.631578947,0,0,0,0,0,0,0,0,0,0,0,0,1.315789474,11/9/20,RRSAC2,9:35,11.978,130.3,173.3,113,0.08,96.7,10.42,8.12,2.4,1.69,0.83,85995,86522,1,,1.001058811
RRSAC2_11/16/2020_8:20,0,0,17.14285714,277.1428571,0,2.857142857,22.85714286,0,37.14285714,0,0,0,271.4285714,22.85714286,91.42857143,2.857142857,8.571428571,0,60,0,2.857142857,8.571428571,0,0,0,0,0,140,0,0,0,25.71428571,0,0,11.42857143,0,2.857142857,0,0,0,0,0,0,0,0,0,0,0,0,0,0,8.571428571,11/16/20,RRSAC2,8:20,10.875,132.6,181.5,118,0.09,98.2,10.86,8.01,1.75,1.86,0.8,96167,96708,1,,1.027652404
RRSAC2_11/23/2020_8:15,0,0,100,1275,0,37.5,37.5,0,125,0,0,0,1112.5,37.5,425,0,50,0,75,0,12.5,12.5,0,0,0,0,0,875,0,12.5,0,0,0,0,0,0,0,12.5,0,0,0,0,0,0,0,0,12.5,0,0,0,0,0,11/23/20,RRSAC2,8:15,11.076,145.3,197.7,128,0.09,94.5,10.39,7.9,2.65,1.78,0.78,109729,110410,1,,1.293588331
RRSAC2_11/30/2020_8:15,0,9.375,9.375,184.375,0,6.25,9.375,0,68.75,0,0,0,306.25,34.375,118.75,0,34.375,0,18.75,0,3.125,6.25,0,0,0,0,0,112.5,0,3.125,3.125,0,0,6.25,0,0,3.125,0,0,0,0,0,0,0,0,0,0,0,0,6.25,0,3.125,11/30/20,RRSAC2,8:15,9.65,135.2,191.5,125,0.09,98.6,11.24,8.08,1.65,2.24,0.81,125053,125616,1,,1.069442335
RRSAC2_12/8/2020_8:00,0,1.818181818,23.63636364,187.2727273,0,0,23.63636364,1.818181818,29.09090909,0,0,0,145.4545455,10.90909091,81.81818182,0,23.63636364,0,47.27272727,0,0,14.54545455,0,0,0,0,0,101.8181818,0,0,0,12.72727273,0,14.54545455,3.636363636,0,1.818181818,0,0,0,0,0,0,0,0,0,0,0,0,0,0,1.818181818,12/8/20,RRSAC2,8:00,9.586,135.2,191.3,124,0.09,97.9,11.16,7.81,1.7,1.85,0.75,152390,153031,1,,1.217606637
RRSAC2_12/15/2020_10:45,6.666666667,13.33333333,60,693.3333333,0,6.666666667,60,0,180,0,26.66666667,0,553.3333333,33.33333333,426.6666667,0,160,0,86.66666667,0,0,26.66666667,13.33333333,0,0,0,0,280,0,0,0,26.66666667,0,20,0,0,0,0,0,0,0,0,0,0,0,0,0,0,0,0,0,6.666666667,12/15/20,RRSAC2,10:45,10.004,145.6,203.8,132,0.1,96,10.82,7.89,5.41,2.25,0.7,177921,178308,2,,0.735122884
RRSAC2_12/22/2020_8:00,0,12.5,50,637.5,0,18.75,93.75,0,112.5,0,12.5,0,387.5,43.75,118.75,0,356.25,0,93.75,0,0,25,0,18.75,0,0,0,487.5,0,0,6.25,43.75,0,12.5,0,0,0,0,0,0,0,0,0,0,0,0,0,0,0,6.25,0,6.25,12/22/20,RRSAC2,8:00,9.138,146.9,210.5,137,0.1,95,10.93,7.8,4.85,2.62,0.78,195482,196041,1,,1.061844166
RRSAC2_12/29/2020_8:00,0,5.555555556,22.22222222,269.4444444,0,8.333333333,5.555555556,0,44.44444444,0,0,0,91.66666667,2.777777778,77.77777778,5.555555556,216.6666667,0,50,0,5.555555556,8.333333333,0,2.777777778,0,0,0,72.22222222,33.33333333,2.777777778,11.11111111,5.555555556,0,11.11111111,0,0,5.555555556,0,8.333333333,5.555555556,0,0,0,2.777777778,0,0,0,0,0,0,0,0,12/29/20,RRSAC2,8:00,8.888,141.1,203.5,132,0.1,96.6,11.18,7.85,5.11,2.4,0.78,218255,218804,1,,1.042848742
RRSAC2_1/5/2021_8:10,0,2.222222222,26.66666667,222.2222222,0,8.888888889,11.11111111,0,53.33333333,0,4.444444444,0,73.33333333,22.22222222,104.4444444,0,235.5555556,0,115.5555556,0,0,0,0,0,0,0,0,17.77777778,0,0,6.666666667,4.444444444,0,17.77777778,0,0,0,0,0,0,0,0,0,0,0,0,0,0,0,0,0,6.666666667,1/5/21,RRSAC2,8:10,9.721,147.8,208.4,135,0.1,95.6,10.85,7.76,5.65,2.45,0.74,234664,235193,1,,1.004857896
RRSAC2_1/12/2021_7:55,0,0,41.17647059,564.7058824,0,11.76470588,52.94117647,152.9411765,52.94117647,0,0,0,88.23529412,0,135.2941176,5.882352941,382.3529412,0,47.05882353,0,0,0,17.64705882,0,0,0,0,411.7647059,52.94117647,11.76470588,5.882352941,17.64705882,0,17.64705882,0,0,11.76470588,11.76470588,35.29411765,5.882352941,0,0,5.882352941,0,11.76470588,0,5.882352941,0,0,0,0,0,1/12/21,RRSAC2,7:55,9.329,195.2,278.3,181,0.13,96.9,11.1,7.75,10.9,2.22,0.75,265000,265682,2,,1.295487873
RRSAC2_1/15/2021_11:10,0,8.333333333,16.66666667,1058.333333,0,8.333333333,83.33333333,16.66666667,16.66666667,0,0,0,16.66666667,0,125,0,358.3333333,0,58.33333333,0,8.333333333,0,16.66666667,0,0,0,0,800,50,0,25,0,0,50,0,0,8.333333333,8.333333333,8.333333333,0,8.333333333,0,0,0,0,0,0,0,0,0,0,0,1/15/21,RRSAC2,11:10,10.594,222.9,308.7,201,0.15,98,10.9,7.8,12.23,2.82,0.72,275896,276505,2,,1.156821282
RRSAC2_1/19/2021_7:50,0,3.333333333,23.33333333,303.3333333,0,0,0,3.333333333,53.33333333,0,0,0,56.66666667,10,20,3.333333333,173.3333333,0,10,0,3.333333333,0,20,3.333333333,0,0,0,30,46.66666667,0,20,13.33333333,0,3.333333333,0,0,10,0,0,0,0,0,0,0,0,0,0,0,0,0,0,0,1/19/21,RRSAC2,7:50,10.678,177.6,243.4,158,0.12,96.7,10.73,7.9,8.75,3,0.67,296031,296501,3,,0.892784898
RRSAC2_1/22/2021_8:10,0,2.272727273,20.45454545,231.8181818,0,0,6.818181818,9.090909091,38.63636364,0,0,0,29.54545455,2.272727273,27.27272727,4.545454545,84.09090909,0,9.090909091,0,0,2.272727273,6.818181818,0,0,0,2.272727273,27.27272727,56.81818182,2.272727273,2.272727273,25,0,11.36363636,9.090909091,0,0,2.272727273,2.272727273,6.818181818,0,0,0,2.272727273,0,0,0,0,0,0,0,0,1/22/21,RRSAC2,8:10,9.911,150.6,211.3,137,0.1,98.7,11.16,7.86,3.52,2.22,0.66,308470,309264,2,,1.508236614
RRSAC2_1/26/2021_8:00,3.333333333,3.333333333,13.33333333,168.3333333,0,3.333333333,3.333333333,1.666666667,31.66666667,0,1.666666667,0,13.33333333,1.666666667,45,0,66.66666667,0,48.33333333,0,0,6.666666667,10,3.333333333,0,0,0,1.666666667,0,0,3.333333333,6.666666667,0,3.333333333,1.666666667,0,6.666666667,0,0,0,0,0,0,0,0,0,0,0,0,0,0,0,1/26/21,RRSAC2,8:00,8.529,140.9,205.6,134,0.1,95.3,11.52,7.94,2.63,2.74,0.8,325678,326295,2,,1.172017621
RRSAC2_2/2/2021_8:00,18.18181818,0,45.45454545,563.6363636,0,45.45454545,36.36363636,45.45454545,100,0,9.090909091,0,118.1818182,27.27272727,118.1818182,0,900,0,390.9090909,0,0,0,0,18.18181818,0,0,0,54.54545455,0,0,27.27272727,72.72727273,0,45.45454545,27.27272727,0,27.27272727,0,0,0,0,0,0,0,0,0,0,0,0,0,0,0,2/2/21,RRSAC2,8:00,9.736,128.4,181,118,0.09,934,10.6,7.52,13.9,5.67,0.69,346948,347770,3,,1.5614238
RRSAC2_2/8/2021_7:35,0,12.5,87.5,656.25,0,18.75,0,0,87.5,0,6.25,0,100,6.25,37.5,6.25,625,0,131.25,0,0,0,25,18.75,0,0,0,106.25,75,37.5,18.75,25,0,43.75,18.75,0,6.25,0,12.5,12.5,0,0,0,0,0,0,0,0,6.25,0,0,0,2/8/21,RRSAC2,7:35,10.239,148.5,206.6,134,0.1,94.3,10.58,7.57,13.24,2.92,0.69,360022,360765,3,,1.411359955
RRSAC2_2/15/2021_7:35,0,4.166666667,8.333333333,204.1666667,0,0,12.5,8.333333333,33.33333333,0,0,0,33.33333333,0,25,8.333333333,375,0,37.5,0,0,0,45.83333333,4.166666667,0,0,0,54.16666667,50,20.83333333,25,25,0,4.166666667,12.5,0,29.16666667,0,0,12.5,0,0,0,0,0,0,0,0,0,0,0,0,2/15/21,RRSAC2,7:35,11.427,153.9,207.5,135,0.1,96.6,10.54,7.74,10.69,5.09,0.66,381308,381871,1,,1.069442335
RRSAC2_2/22/2021_7:40,0,0,200,1800,0,0,0,150,633.3333333,0,0,0,266.6666667,0,116.6666667,83.33333333,833.3333333,0,16.66666667,0,0,0,33.33333333,0,0,0,0,700,83.33333333,33.33333333,50,16.66666667,0,16.66666667,16.66666667,0,16.66666667,0,16.66666667,33.33333333,0,0,0,0,0,0,0,0,0,0,0,0,2/22/21,RRSAC2,7:40,10.696,NA,256.4,NA,0.12,101.3,11.24,7.9,13.9,4.12,NA,403954,404553,3,,1.137825859
RRSAC2_3/1/2021_8:00,0,16.66666667,83.33333333,1083.333333,0,0,66.66666667,16.66666667,966.6666667,0,16.66666667,0,316.6666667,0,150,16.66666667,316.6666667,0,16.66666667,0,0,0,33.33333333,0,0,0,0,2016.666667,16.66666667,0,33.33333333,0,0,0,0,0,0,33.33333333,0,0,0,0,0,0,33.33333333,0,0,0,0,0,0,0,3/1/21,RRSAC2,8:00,10.994,200.7,273.1,177.035,0.13,103.3,11.39,8.16,8.6,4.99,0.83,425468,426049,4,,1.103634097
RRSAC2_3/8/2021_7:40,0,0,20,960,0,0,40,0,760,0,160,0,1140,60,300,0,1040,0,40,0,0,0,0,0,0,0,0,2860,0,0,0,20,0,0,40,0,20,0,0,0,0,0,0,0,0,0,0,0,0,0,0,0,3/8/21,RRSAC2,7:40,13.024,239.8,310.2,201.329,0.15,99.6,10.48,8.09,12.92,5.15,0.92,449745,450419,4,,1.280291534
RRSAC2_3/15/2021_8:10,0,0,9.090909091,222.7272727,0,4.545454545,0,4.545454545,100,0,0,0,77.27272727,9.090909091,127.2727273,0,309.0909091,0,40.90909091,0,0,0,0,0,0,0,0,468.1818182,0,0,9.090909091,4.545454545,0,9.090909091,9.090909091,0,0,0,0,0,0,0,0,0,0,0,0,0,0,0,0,0,3/15/21,RRSAC2,8:10,11.735,178.7,238.6,155.147,0.11,98.2,10.64,7.97,7.27,3.41,0.8,470791,471323,1,,1.010556523
RRSAC2_3/22/2021_8:20,0,20.83333333,8.333333333,395.8333333,0,8.333333333,37.5,0,33.33333333,0,0,0,212.5,4.166666667,58.33333333,0,366.6666667,0,75,0,4.166666667,12.5,12.5,0,0,0,0,358.3333333,195.8333333,25,29.16666667,16.66666667,0,4.166666667,20.83333333,0,4.166666667,0,4.166666667,4.166666667,0,0,4.166666667,12.5,4.166666667,0,0,0,0,0,0,0,3/22/21,RRSAC2,8:20,12.736,139.9,182.5,118.556,0.09,100.9,10.69,7.84,5.8,4.75,0.65,490955,491633,2,,1.287889704
RRSAC2_3/29/2021_8:15,3.749999995,41.24999995,3.749999995,404.9999995,0,3.749999995,14.99999998,0,14.99999998,0,0,0,59.99999993,0,44.99999994,0,337.4999996,0,59.99999993,7.499999991,0,14.99999998,0,0,0,0,0,18.74999998,0,26.24999997,3.749999995,0,0,18.74999998,3.749999995,0,14.99999998,3.749999995,3.749999995,0,0,0,0,0,0,0,0,0,0,0,0,3.749999995,3/29/21,RRSAC2,8:15,15.341,168,205.9,133.791,0.1,100.4,10.04,8.09,8.2,5.85,0.41,512349,512914,1,,1.07324142
RRSAC4_11/9/2020_9:15,0,3.333333333,3.333333333,333.3333333,0,0,13.33333333,0,6.666666667,0,0,0,93.33333333,10,113.3333333,0,26.66666667,0,80,0,0,3.333333333,0,3.333333333,0,0,0,26.66666667,0,0,10,36.66666667,0,20,3.333333333,0,0,0,3.333333333,0,0,0,0,0,0,0,0,0,0,0,0,3.333333333,11/9/20,RRSAC4,9:15,11.932,129.8,172.7,112,0.08,98.7,10.62,8.19,1.49,1.32,0.86,84970,85987,1,,1.931834555
RRSAC4_11/16/2020_8:10,5,10,60,470,0,0,5,5,20,0,0,0,360,10,130,0,10,0,85,0,5,35,0,5,0,0,0,140,0,5,5,25,0,10,0,0,0,0,0,0,0,0,0,0,0,0,0,0,0,0,0,5,11/16/20,RRSAC4,8:10,10.821,132.3,181.3,118,0.09,98.1,10.86,7.98,1.54,1.51,0.79,95470,96160,1,,1.310684212
RRSAC4_11/23/2020_8:00,0,0,21.42857151,417.8571443,0,10.71428575,32.14285726,0,117.8571433,0,0,0,1039.285718,64.28571452,139.2857148,10.71428575,32.14285726,0,32.14285726,0,0,0,0,0,0,0,0,632.1428594,0,0,10.71428575,0,0,21.42857151,0,0,0,0,0,0,0,0,0,0,0,0,10.71428575,0,0,0,0,0,11/23/20,RRSAC4,8:00,11.021,144.8,197.2,128,0.09,94.3,10.38,7.84,3.27,1.55,0.88,109061,109725,1,,1.261296111
RRSAC4_11/30/2020_8:00,0,2,6,138,0,12,2,0,30,0,0,0,190,14,102,0,34,0,20,0,2,4,2,0,0,0,0,60,0,2,4,0,0,2,2,0,0,0,0,0,0,0,0,0,0,0,0,0,0,0,0,6,11/30/20,RRSAC4,8:00,9.57,135.3,191.5,124,0.09,98.4,11.21,8.04,1.22,2.09,0.91,124397,125061,1,,1.261296111
RRSAC4_12/8/2020_7:40,0,3.333333333,30,343.3333333,0,13.33333333,43.33333333,3.333333333,20,0,0,0,160,10,143.3333333,0,23.33333333,0,73.33333333,0,0,16.66666667,0,0,0,0,0,213.3333333,0,0,6.666666667,36.66666667,0,16.66666667,10,0,0,0,3.333333333,0,0,0,0,0,0,0,0,0,0,0,0,3.333333333,12/8/20,RRSAC4,7:40,9.532,136.7,193.8,126,0.09,97.6,11.13,7.68,1.69,1.81,0.79,151703,152393,1,,1.310684212
RRSAC4_12/15/2020_10:30,0,13.63636364,36.36363636,459.0909091,0,9.090909091,54.54545455,0,131.8181818,0,9.090909091,0,463.6363636,45.45454545,381.8181818,0,140.9090909,0,81.81818182,0,0,4.545454545,4.545454545,4.545454545,0,0,0,218.1818182,0,0,9.090909091,4.545454545,0,36.36363636,0,0,0,0,0,0,0,0,0,0,0,0,0,0,0,0,0,18.18181818,12/15/20,RRSAC4,10:30,10.077,144.3,201.6,131,0.1,97,10.92,7.07,4,1.72,0.7,177284,177921,2,,1.210008468
RRSAC4_12/22/2020_7:40,0,6.666666667,73.33333333,653.3333333,0,20,206.6666667,0,193.3333333,0,13.33333333,0,333.3333333,53.33333333,180,0,300,0,160,0,0,13.33333333,0,20,0,0,0,526.6666667,0,0,13.33333333,40,0,40,20,0,0,0,0,0,0,0,0,0,0,0,0,0,0,0,0,6.666666667,12/22/20,RRSAC4,7:40,9.045,146.2,210.1,137,0.1,94.9,10.94,7.82,3.81,2.6,0.88,194805,195489,1,,1.299286958
RRSAC4_12/29/2020_7:40,0,6.25,112.5,650,0,12.5,25,0,112.5,0,0,0,168.75,6.25,125,0,368.75,0,87.5,0,6.25,12.5,12.5,12.5,0,0,6.25,125,87.5,31.25,12.5,0,0,81.25,12.5,0,6.25,0,0,0,0,0,0,0,6.25,0,0,0,0,0,0,0,12/29/20,RRSAC4,7:40,8.632,138.6,201.6,131,0.1,97.1,11.33,7.89,4.44,2.41,0.87,217508,218260,1,,1.428455836
RRSAC4_1/5/2021_7:50,3.333333333,0,23.33333333,286.6666667,0,16.66666667,20,3.333333333,76.66666667,0,3.333333333,0,70,33.33333333,86.66666667,3.333333333,346.6666667,0,160,0,0,3.333333333,6.666666667,0,3.333333333,0,0,53.33333333,0,0,0,10,0,23.33333333,16.66666667,0,0,0,0,0,0,0,0,0,0,0,0,0,0,0,0,13.33333333,1/5/21,RRSAC4,7:50,9.716,147.9,208.6,136,0.1,96,10.9,7.71,4.82,2.44,0.75,233958,234671,1,,1.354373685
RRSAC4_1/12/2021_7:40,0,0,25,412.5,0,16.66666667,20.83333333,8.333333333,66.66666667,0,0,0,104.1666667,0,91.66666667,8.333333333,408.3333333,0,41.66666667,0,0,4.166666667,29.16666667,0,0,0,0,108.3333333,108.3333333,29.16666667,8.333333333,16.66666667,0,58.33333333,4.166666667,0,4.166666667,0,0,0,0,0,0,0,0,0,0,0,0,0,0,0,1/12/21,RRSAC4,7:40,9.026,157.6,226.6,147,0.11,96.6,11.15,7.76,5.59,2.62,0.76,264304,264980,2,,1.284090619
RRSAC4_1/15/2021_11:00,0,3.333333333,20,300,0,13.33333333,16.66666667,13.33333333,30,0,0,0,40,0,26.66666667,0,130,0,16.66666667,0,0,0,16.66666667,0,0,0,0,193.3333333,56.66666667,3.333333333,0,13.33333333,0,23.33333333,0,0,0,3.333333333,3.333333333,3.333333333,3.333333333,0,0,3.333333333,0,0,0,0,0,0,0,0,1/15/21,RRSAC4,11:00,10.635,166.5,229.4,149,0.11,10.5,11.67,7.78,6.66,2.57,0.66,275278,275893,2,,1.168218536
RRSAC4_1/19/2021_7:40,0,0,25,470,0,10,5,5,55,0,0,0,50,0,50,10,215,0,35,0,0,0,0,0,0,0,0,65,85,5,5,35,0,15,0,0,0,0,0,5,0,0,0,0,0,0,0,0,0,0,0,0,1/19/21,RRSAC4,7:40,10.553,164.2,226.3,147,0.11,96.1,10.69,7.85,6.11,2.94,0.79,295392,296029,2,,1.210008468
RRSAC4_1/22/2021_7:50,0,2.941176471,11.76470588,273.5294118,0,5.882352941,0,0,47.05882353,0,0,0,17.64705882,2.941176471,26.47058824,11.76470588,135.2941176,0,8.823529412,0,0,0,11.76470588,0,0,2.941176471,0,76.47058824,238.2352941,11.76470588,5.882352941,50,0,52.94117647,8.823529412,0,5.882352941,2.941176471,2.941176471,2.941176471,0,0,0,0,0,0,0,0,0,0,0,0,1/22/21,RRSAC4,7:50,4.747,152.7,214.3,139,0.1,87.5,9.88,7.82,4.22,2.32,0.66,307825,308483,2,,1.249898857
RRSAC4_1/26/2021_7:50,0,0,0,25,280.5555556,0,2.777777778,2.777777778,33.33333333,0,0,0,38.88888889,0,44.44444444,0,161.1111111,0,36.11111111,0,8.333333333,8.333333333,0,0,0,0,0,169.4444444,36.11111111,16.66666667,13.88888889,8.333333333,0,50,5.555555556,0,0,0,0,0,0,0,0,0,0,0,0,0,0,0,0,0,1/26/21,RRSAC4,7:50,8.993,141.9,207,135,0.1,98,11.46,7.96,2.69,2.69,0.86,324943,325676,1,,1.392364532
RRSAC4_2/2/2021_7:50,0,6.25,43.75,512.5,0,50,18.75,0,131.25,0,0,0,68.75,0,43.75,6.25,593.75,0,131.25,0,6.25,0,93.75,12.5,6.25,0,0,112.5,93.75,37.5,31.25,81.25,0,37.5,25,0,6.25,0,12.5,6.25,0,0,0,0,0,0,0,0,0,0,0,0,2/2/21,RRSAC4,7:50,9.708,127.9,180.5,117,0.09,93.4,10.61,7.5,17.76,3.36,0.66,346281,346936,2,,1.24420023
RRSAC4_2/8/2021_7:20,0,7.142857143,14.28571429,450,0,14.28571429,21.42857143,0,85.71428571,0,28.57142857,0,71.42857143,0,64.28571429,42.85714286,671.4285714,0,157.1428571,0,0,7.142857143,35.71428571,0,0,0,0,221.4285714,164.2857143,28.57142857,28.57142857,28.57142857,0,42.85714286,35.71428571,0,28.57142857,0,0,14.28571429,0,0,0,0,0,0,0,0,0,0,0,0,2/8/21,RRSAC4,7:20,10.232,148.2,206.1,134,0.1,93.6,10.5,7.6,23.95,5.74,0.99,359380,360012,2,,1.200510756
RRSAC4_2/15/2021_7:25,0,12.5,31.25,318.75,0,12.5,50,0,100,0,0,0,50,0,68.75,12.5,606.25,0,62.5,0,0,0,25,0,0,0,0,131.25,100,18.75,12.5,37.5,0,25,31.25,0,12.5,0,6.25,18.75,0,0,0,0,0,0,0,0,6.25,0,0,0,2/15/21,RRSAC4,7:25,11.454,154.3,207.9,135,0.1,96.2,10.49,7.7,12.48,4.9,0.66,380621,381313,1,,1.314483296
RRSAC4_2/22/2021_7:30,0,22.72727273,13.63636364,504.5454545,0,13.63636364,18.18181818,0,131.8181818,0,0,0,113.6363636,0,77.27272727,13.63636364,395.4545455,0,45.45454545,0,0,0,36.36363636,0,0,0,0,204.5454545,0,0,0,13.63636364,27.27272727,0,27.27272727,13.63636364,0,0,0,4.545454545,4.545454545,0,0,0,0,0,0,0,0,0,0,0,2/22/21,RRSAC4,7:30,10.621,NA,225.4,NA,0.11,101.3,11.26,7.9,9.2,2.61,NA,403315,403958,2,,1.221405722
RRSAC4_3/1/2021_7:40,0,6.25,43.75,406.25,0,0,6.25,6.25,275,0,0,0,43.75,0,37.5,18.75,218.75,0,31.25,0,0,0,18.75,0,0,0,0,593.75,18.75,31.25,6.25,6.25,0,25,6.25,0,18.75,0,0,12.5,0,0,0,0,0,0,0,0,0,0,0,0,3/1/21,RRSAC4,7:40,10.885,167.8,229.5,149.128,0.11,103,11.38,8.12,5.88,4.96,0.88,424827,425471,2,,1.223305264
RRSAC4_3/8/2021_7:30,0,3.750000009,7.500000019,191.2500005,0,3.750000009,3.750000009,0,105.0000003,0,0,0,135.0000003,7.500000019,18.75000005,3.750000009,371.2500009,0,22.50000006,0,0,0,7.500000019,0,0,0,0,210.0000005,0,18.75000005,15.00000004,0,0,7.500000019,3.750000009,0,0,3.750000009,0,0,0,0,0,3.750000009,0,0,3.750000009,0,0,0,0,3.750000009,3/8/21,RRSAC4,7:30,12.445,168.3,221.1,143.753,0.11,99.1,10.54,8.13,4.46,4.06,0.85,449087,449733,1,,1.227104349
RRSAC4_3/15/2021_8:00,0,0,10,280,0,3.333333333,26.66666667,6.666666667,43.33333333,0,3.333333333,0,40,3.333333333,53.33333333,0,186.6666667,0,56.66666667,0,0,0,3.333333333,0,0,0,0,326.6666667,0,3.333333333,10,50,0,16.66666667,10,0,3.333333333,0,3.333333333,0,0,0,0,0,0,0,0,0,0,0,0,6.666666667,3/15/21,RRSAC4,8:00,11.663,157.4,210.9,137.099,0.1,97.9,10.62,7.96,3.55,2.88,0.81,470222,470797,1,,1.092236843
RRSAC4_3/22/2021_8:10,8,0,0,328,0,4,20,0,24,0,0,0,156,12,156,0,420,0,120,0,0,4,0,8,0,0,0,8,0,0,12,40,0,8,20,0,4,0,0,0,0,0,0,0,0,0,0,0,0,0,0,0,3/22/21,RRSAC4,8:10,12.708,140.1,182.9,118.845,0.09,100.8,10.68,7.77,9.01,6.42,0.73,490357,490951,2,,1.128328147
RRSAC4_3/29/2021_8:00,0,4.545454545,4.545454545,309.0909091,0,0,9.090909091,9.090909091,13.63636364,0,0,0,45.45454545,0,104.5454545,0,445.4545455,0,63.63636364,0,0,9.090909091,4.545454545,0,0,0,0,68.18181818,0,40.90909091,13.63636364,0,0,13.63636364,0,0,0,0,0,4.545454545,0,0,0,0,0,0,4.545454545,0,0,0,0,0,3/29/21,RRSAC4,8:00,15.234,167.5,205.8,133.643,0.1,99.5,9.96,8.03,9.57,5.92,0.66,511706,512332,1,,1.189113502
RRSAC5_11/9/2020_8:50,0,2.5,5,260,0,5,27.5,0,2.5,0,0,0,150,0,92.5,0,22.5,0,37.5,0,5,7.5,0,0,0,0,0,22.5,0,0,10,27.5,0,12.5,2.5,0,5,0,2.5,0,0,0,0,0,0,0,0,0,0,0,0,2.5,11/9/20,RRSAC5,8:50,11.781,129.1,172.4,112,0.08,96.1,10.4,8.1,2.62,2.01,0.86,84141,84973,1,,1.580419223
RRSAC5_11/16/2020_7:40,0,3.333333333,23.33333333,240,0,3.333333333,26.66666667,0,30,0,0,0,340,10,66.66666667,0,6.666666667,0,50,0,6.666666667,16.66666667,0,3.333333333,0,0,0,143.3333333,0,0,3.333333333,13.33333333,0,10,3.333333333,0,3.333333333,0,0,0,0,0,0,0,0,0,0,0,0,0,0,3.333333333,11/16/20,RRSAC5,7:40,10.656,131.5,180.9,118,0.09,98,10.89,8,1.58,2.01,0.83,94881,95465,1,,1.109332724
RRSAC5_11/23/2020_7:45,0,20,110,1010,0,120,10,0,140,0,0,0,910,50,280,0,70,0,30,0,0,80,0,0,0,0,0,400,0,10,10,0,0,0,0,0,0,0,0,10,0,0,0,0,0,0,0,0,0,0,0,0,11/23/20,RRSAC5,7:45,10.839,144.1,197.3,128,0.09,94.6,10.45,7.86,2.86,1.9,0.8,108434,109053,1,,1.175816706
RRSAC5_11/30/2020_7:45,0,3.571428571,35.71428571,342.8571429,0,0,10.71428571,0,42.85714286,0,0,0,257.1428571,25,121.4285714,0,28.57142857,0,42.85714286,0,0,25,0,3.571428571,0,0,0,57.14285714,0,7.142857143,0,3.571428571,0,3.571428571,3.571428571,0,3.571428571,0,0,0,0,0,0,0,0,0,0,0,0,0,0,3.571428571,11/30/20,RRSAC5,7:45,9.504,135.2,191.7,125,0.09,98.1,11.2,8.01,1.43,2.73,0.95,123683,124394,1,,1.350574601
RRSAC5_12/8/2020_7:30,1.818181818,0,7.272727273,187.2727273,0,10.90909091,9.090909091,7.272727273,27.27272727,0,0,0,140,16.36363636,63.63636364,0,70.90909091,0,63.63636364,0,0,16.36363636,0,1.818181818,0,0,0,90.90909091,0,3.636363636,0,7.272727273,0,16.36363636,1.818181818,0,1.818181818,0,0,0,0,0,0,0,0,0,0,0,0,0,0,5.454545455,12/8/20,RRSAC5,7:30,9.435,136,194.4,126,0.09,97.3,11.12,7.79,3.65,3.85,0.85,150927,151704,1,,1.475944395
RRSAC5_12/15/2020_10:15,3.571428571,0,7.142857143,360.7142857,0,10.71428571,21.42857143,0,107.1428571,0,7.142857143,0,332.1428571,17.85714286,196.4285714,0,50,0,50,0,0,14.28571429,3.571428571,0,0,0,0,125,0,0,3.571428571,7.142857143,0,7.142857143,0,0,0,0,0,0,0,0,0,0,0,0,0,0,0,0,0,10.71428571,12/15/20,RRSAC5,10:15,9.935,144,202.1,131,0.1,96.3,10.88,7.88,2.51,1.73,0.71,176711,177282,2,,1.084638674
RRSAC5_12/22/2020_7:25,0,8.333333333,150,858.3333333,0,33.33333333,41.66666667,8.333333333,108.3333333,0,25,0,316.6666667,8.333333333,225,0,300,0,50,0,0,58.33333333,0,0,0,0,0,433.3333333,0,0,0,0,0,0,0,0,0,0,0,0,0,0,0,0,0,0,0,0,0,0,0,0,12/22/20,RRSAC5,7:25,9.073,145.9,209.5,136,0.1,94.7,10.92,7.8,6.74,2.84,0.81,194252,194789,3,,1.020054234
RRSAC5_12/29/2020_7:30,0,11.11111111,150,616.6666667,0,0,16.66666667,0,38.88888889,0,5.555555556,0,83.33333333,0,16.66666667,5.555555556,311.1111111,0,72.22222222,0,0,5.555555556,27.77777778,0,0,0,0,66.66666667,144.4444444,5.555555556,16.66666667,0,0,16.66666667,5.555555556,0,5.555555556,0,0,11.11111111,0,0,0,5.555555556,0,0,0,0,0,0,0,0,12/29/20,RRSAC5,7:30,8.777,140.6,203.7,132,0.1,96.5,11.2,7.85,4.61,2.89,0.86,216719,217511,2,,1.50443753
RRSAC5_1/5/2021_7:40,11.76470588,11.76470588,111.7647059,570.5882353,0,11.76470588,11.76470588,0,52.94117647,0,5.882352941,0,64.70588235,35.29411765,64.70588235,0,358.8235294,5.882352941,182.3529412,0,0,5.882352941,0,0,0,0,0,64.70588235,0,5.882352941,11.76470588,0,0,11.76470588,5.882352941,0,5.882352941,0,0,0,0,0,0,0,0,0,0,0,0,0,0,5.882352941,1/5/21,RRSAC5,7:40,9.668,147.8,208.7,136,0.1,95.5,10.86,7.75,4.96,2.38,0.76,233285,233988,1,,1.335378262
RRSAC5_1/12/2021_7:30,0,8.333333333,16.66666667,187.5,0,4.166666667,8.333333333,12.5,54.16666667,0,0,0,45.83333333,0,37.5,16.66666667,379.1666667,0,37.5,0,0,8.333333333,12.5,0,0,0,0,41.66666667,41.66666667,0,4.166666667,4.166666667,4.166666667,16.66666667,0,0,4.166666667,0,4.166666667,0,0,0,0,0,0,0,0,0,0,0,0,0,1/12/21,RRSAC5,7:30,9.163,157.4,225.3,147,0.11,96.2,11.07,7.76,6.08,2.08,0.72,263567,264305,2,,1.401862244
RRSAC5_1/15/2021_10:50,0,0,22.72727273,225,0,9.090909091,13.63636364,2.272727273,22.72727273,0,0,0,15.90909091,0,52.27272727,4.545454545,154.5454545,0,27.27272727,0,6.818181818,6.818181818,13.63636364,2.272727273,0,0,0,95.45454545,18.18181818,0,2.272727273,6.818181818,0,6.818181818,4.545454545,0,2.272727273,2.272727273,0,0,0,0,0,4.545454545,0,0,0,0,0,0,0,0,1/15/21,RRSAC5,10:50,10.487,165,228,148,0.11,98.1,10.95,7.75,4.65,1.75,0.61,274591,275267,1,,1.284090619
RRSAC5_1/19/2021_7:30,0,0,38.88888889,594.4444444,0,5.555555556,5.555555556,0,50,0,0,0,38.88888889,0,38.88888889,0,200,0,11.11111111,0,0,0,5.555555556,0,0,0,5.555555556,50,33.33333333,0,11.11111111,16.66666667,0,11.11111111,0,0,16.66666667,0,0,0,0,0,0,0,0,0,0,0,0,0,0,0,1/19/21,RRSAC5,7:30,10.562,167.2,229.2,146,0.11,96.3,10.72,7.85,5.72,2.95,0.63,294700,295387,2,,1.304985585
RRSAC5_1/22/2021_7:40,0,8.333333333,29.16666667,391.6666667,0,8.333333333,0,8.333333333,50,0,0,0,37.5,4.166666667,54.16666667,4.166666667,175,0,12.5,0,0,4.166666667,8.333333333,0,0,0,0,33.33333333,54.16666667,4.166666667,16.66666667,4.166666667,0,29.16666667,4.166666667,0,0,0,4.166666667,0,0,0,4.166666667,8.333333333,0,0,0,0,0,0,0,0,1/22/21,RRSAC5,7:40,7.749,161.8,228.1,148,0.11,98.4,11.16,7.9,4.32,2.52,0.72,307142,307822,2,,1.291688788
RRSAC5_1/26/2021_7:40,0,3,3,81,0,2,0,3,15,2,0,0,12,0,19,0,70,0,11,0,1,0,6,1,0,0,0,23,26,5,3,6,0,7,3,0,9,1,0,0,0,0,0,1,0,0,0,0,0,0,0,0,1/26/21,RRSAC5,7:40,8.524,141.9,207,135,0.1,97.9,11.45,7.95,2.64,2.58,0.79,324275,324921,1,,1.227104349
RRSAC5_2/2/2021_7:40,0,25,50,700,0,16.66666667,8.333333333,0,75,0,0,0,50,16.66666667,16.66666667,0,941.6666667,0,300,0,16.66666667,0,83.33333333,33.33333333,0,0,0,150,150,25,58.33333333,58.33333333,0,58.33333333,8.333333333,0,41.66666667,0,16.66666667,0,0,0,0,0,0,0,0,0,0,0,0,0,2/2/21,RRSAC5,7:40,9.707,128.6,181.4,118,0.09,92.8,10.54,7.55,16.58,11.19,1.03,345610,346259,2,,1.232802976
RRSAC5_2/8/2021_7:10,0,9.090909091,27.27272727,431.8181818,0,13.63636364,18.18181818,4.545454545,63.63636364,0,4.545454545,0,81.81818182,0,18.18181818,9.090909091,413.6363636,0,109.0909091,0,0,4.545454545,54.54545455,0,0,0,0,59.09090909,81.81818182,27.27272727,9.090909091,27.27272727,0,27.27272727,13.63636364,0,27.27272727,0,13.63636364,4.545454545,0,0,0,0,0,0,0,0,0,0,0,0,2/8/21,RRSAC5,7:10,10.192,147.5,205.4,134,0.1,93.7,10.52,7.59,12.33,2.93,0.72,358673,359353,2,,1.291688788
RRSAC5_2/15/2021_7:15,3.571428571,7.142857143,7.142857143,182.1428571,0,0,21.42857143,0,53.57142857,0,0,0,42.85714286,0,17.85714286,17.85714286,353.5714286,0,53.57142857,0,0,0,67.85714286,0,0,0,3.571428571,25,57.14285714,32.14285714,10.71428571,3.571428571,0,7.142857143,3.571428571,0,14.28571429,0,10.71428571,0,0,0,0,0,0,0,0,0,7.142857143,0,0,0,2/15/21,RRSAC5,7:15,11.314,153.4,207.5,135,0.1,96.6,10.57,7.71,8.43,6.1,0.89,379993,380604,1,,1.160620367
RRSAC5_2/22/2021_7:15,5,20,20,450,0,0,10,30,185,0,0,0,95,0,55,20,275,0,45,0,0,0,45,0,0,10,0,105,40,0,0,5,0,15,0,0,5,0,0,5,0,0,0,0,0,0,0,0,0,0,0,0,2/22/21,RRSAC5,7:15,10.585,NA,224.9,NA,0.11,101,11.23,7.91,9.04,3.76,NA,402628,403302,2,,1.280291534
RRSAC5_3/1/2021_7:30,0,10,40,960,0,0,0,10,310,0,30,0,110,10,30,0,280,0,30,0,0,0,0,0,0,0,0,510,50,10,0,0,0,10,10,0,0,20,0,0,0,0,0,0,0,0,0,0,0,0,0,0,3/1/21,RRSAC5,7:30,10.841,167.1,228.7,148.671,0.11,102.5,11.34,8.11,5.21,4.83,0.84,424216,424815,3,,1.137825859
RRSAC5_3/8/2021_7:10,5.714285714,8.571428571,2.857142857,134.2857143,0,0,2.857142857,5.714285714,137.1428571,0,8.571428571,0,117.1428571,0,68.57142857,0,257.1428571,0,48.57142857,0,0,2.857142857,2.857142857,0,0,0,0,294.2857143,0,0,8.571428571,22.85714286,0,5.714285714,8.571428571,0,0,0,0,0,0,0,0,0,0,0,0,0,0,0,0,2.857142857,3/8/21,RRSAC5,7:10,12.833,170.6,222,144.358,0.11,99,10.46,8.1,4.85,4.74,0.81,448444,449082,1,,1.21190801
RRSAC5_3/15/2021_7:45,3.333333333,1.666666667,3.333333333,160,0,1.666666667,13.33333333,11.66666667,8.333333333,0,0,0,20,1.666666667,38.33333333,0,103.3333333,0,68.33333333,0,0,0,0,5,0,0,0,135,0,1.666666667,15,23.33333333,0,13.33333333,23.33333333,0,3.333333333,0,0,0,0,0,0,0,0,0,0,0,0,0,0,3.333333333,3/15/21,RRSAC5,7:45,11.579,155.7,209.2,136.03,0.1,97.5,10.62,7.94,4.93,2.99,0.8,469544,470212,1,,1.26889428
RRSAC5_3/22/2021_7:55,0,18.75000005,0,352.5000009,0,22.50000006,22.50000006,0,37.50000009,0,0,0,138.7500003,0,56.25000014,0,300.0000008,0,63.75000016,0,0,3.750000009,15.00000004,0,0,0,0,243.7500006,105.0000003,11.25000003,41.2500001,7.500000019,0,26.25000007,22.50000006,0,3.750000009,0,0,0,0,0,0,0,0,0,0,0,0,0,0,0,3/22/21,RRSAC5,7:55,12.727,140.4,183.2,119.078,0.09,100.8,10.68,7.78,5.93,3.7,0.64,489689,490348,2,,1.251798399
RRSAC5_3/29/2021_7:50,24.13793103,24.13793103,37.93103448,286.2068966,0,10.34482759,3.448275862,48.27586207,6.896551724,0,0,0,72.4137931,0,93.10344828,0,348.2758621,0,355.1724138,0,0,3.448275862,0,17.24137931,0,0,0,10.34482759,0,0,37.93103448,65.51724138,0,55.17241379,24.13793103,0,0,0,0,0,0,0,0,0,0,0,0,0,0,3.448275862,0,13.79310345,3/29/21,RRSAC5,7:50,14.99,166.2,205.7,133.837,0.1,99.8,10.06,8.04,5.47,3,0.39,511017,511685,1,,1.26889428
RRSAC6_11/9/2020_8:35,0,2.857142857,0,294.2857143,0,2.857142857,22.85714286,0,5.714285714,0,0,0,140,2.857142857,114.2857143,0,22.85714286,0,40,0,0,8.571428571,14.28571429,0,0,0,0,57.14285714,0,5.714285714,8.571428571,45.71428571,0,5.714285714,0,0,0,0,0,0,0,0,0,0,0,0,0,0,0,0,0,0,11/9/20,RRSAC6,8:35,11.75,128.9,172.3,112,0.08,95.6,10.36,8.07,1.63,1.79,0.86,83298,84133,1,,1.58611785
RRSAC6_11/16/2020_7:30,0,5,110,570,0,5,40,0,25,0,0,0,445,20,165,0,20,0,55,0,0,25,0,0,0,0,0,110,0,0,50,0,0,0,0,0,0,0,5,0,0,0,0,0,0,0,0,0,0,0,0,5,11/16/20,RRSAC6,7:30,10.621,131.4,181,118,0.09,97.5,10.85,8.02,1.92,1.83,0.83,94087,94873,1,,1.493040276
RRSAC6_11/23/2020_7:25,0,0,321.428576,2164.285745,0,21.42857173,0,0,150.0000021,0,0,0,964.2857281,0,578.5714368,0,85.71428694,0,85.71428694,0,42.85714347,107.1428587,0,0,0,0,0,492.8571499,0,21.42857173,21.42857173,21.42857173,0,0,0,0,0,0,0,0,0,0,0,0,0,0,0,0,0,0,0,0,11/23/20,RRSAC6,7:25,10.892,144.5,197.6,128,0.09,94.3,10.41,7.85,2.4,2.02,0.87,107580,108433,1,,1.620309612
RRSAC6_11/30/2020_7:30,0,0,175,841.6666667,0,25,0,0,66.66666667,0,0,0,366.6666667,33.33333333,150,0,33.33333333,0,50,0,8.333333333,66.66666667,0,0,0,0,0,41.66666667,0,8.333333333,0,0,0,0,16.66666667,0,0,0,0,0,0,0,0,0,0,0,0,0,0,0,0,0,11/30/20,RRSAC6,7:30,9.475,135.3,192.1,125,0.09,97.9,11.15,8.01,1.41,2.72,0.93,122911,123683,2,,1.466446683
RRSAC6_12/8/2020_7:20,0,0,18,200,0,14,28,0,32,0,0,0,146,8,96,0,24,0,76,0,0,4,0,2,0,0,0,152,0,0,6,16,0,12,10,0,2,0,0,0,0,0,0,0,0,0,0,0,0,0,0,4,12/8/20,RRSAC6,7:20,9.505,137.1,194.5,126,0.09,97.1,11.08,7.79,1.72,2.04,0.78,150128,150920,1,,1.50443753
RRSAC6_12/15/2020_10:00,5.882352941,17.64705882,88.23529412,570.5882353,0,0,35.29411765,0,152.9411765,0,5.882352941,0,458.8235294,5.882352941,300,0,70.58823529,0,76.47058824,0,0,0,0,5.882352941,0,0,0,129.4117647,0,11.76470588,5.882352941,0,0,11.76470588,5.882352941,0,0,0,0,0,0,0,0,0,0,0,0,0,0,0,0,5.882352941,12/15/20,RRSAC6,10:00,9.915,144.2,202.3,131,0.1,95.9,10.84,7.86,3.51,2.03,0.69,176124,176714,2,,1.120729978
RRSAC6_12/22/2020_7:10,8.333333333,8.333333333,91.66666667,941.6666667,0,0,158.3333333,0,83.33333333,0,33.33333333,0,350,16.66666667,275,0,441.6666667,0,83.33333333,0,0,8.333333333,8.333333333,0,0,0,0,591.6666667,0,0,8.333333333,25,0,33.33333333,8.333333333,0,0,0,0,0,0,0,0,0,0,0,0,0,0,0,0,16.66666667,12/22/20,RRSAC6,7:10,9.019,146.5,210.6,137,0.1,94.6,10.92,7.76,5.14,2.69,0.83,193518,194250,3,,1.39046499
RRSAC6_12/29/2020_7:20,0,0,108.3333333,775,0,41.66666667,8.333333333,0,58.33333333,0,0,0,100,0,66.66666667,8.333333333,325,0,66.66666667,0,0,16.66666667,16.66666667,0,0,0,0,116.6666667,108.3333333,0,0,25,0,25,0,0,8.333333333,0,0,0,0,0,0,8.333333333,0,0,0,0,0,0,0,0,12/29/20,RRSAC6,7:20,8.837,140.7,203.3,132,0.1,96.6,11.2,7.82,5.19,2.36,0.85,215985,216712,2,,1.380967278
RRSAC6_1/5/2021_7:30,3.703703704,3.703703704,48.14814815,392.5925926,0,29.62962963,7.407407407,0,62.96296296,0,3.703703704,0,55.55555556,33.33333333,92.59259259,0,340.7407407,0,114.8148148,0,0,18.51851852,0,3.703703704,0,0,0,37.03703704,0,0,3.703703704,7.407407407,0,22.22222222,7.407407407,0,0,0,0,0,0,0,0,0,0,0,0,0,0,0,0,7.407407407,1/5/21,RRSAC6,7:30,9.674,147.9,208.9,136,0.1,95.5,10.86,7.75,5.24,2.36,0.74,232632,233880,1,,2.370628835
RRSAC6_1/12/2021_7:10,0,10.71428571,17.85714286,325,0,0,10.71428571,3.571428571,57.14285714,0,3.571428571,0,67.85714286,0,53.57142857,14.28571429,353.5714286,0,25,0,0,3.571428571,21.42857143,0,0,0,0,85.71428571,46.42857143,3.571428571,10.71428571,21.42857143,0,25,0,0,14.28571429,3.571428571,3.571428571,0,0,0,0,0,0,0,0,0,0,0,0,0,1/12/21,RRSAC6,7:10,9.2,157.3,225.1,146,0.11,96.4,11.08,7.72,5.97,1.99,0.74,262955,263569,2,,1.166318994
RRSAC6_1/15/2021_10:40,0,3.125,43.75,300,0,0,3.125,0,9.375,0,0,0,28.125,0,84.375,6.25,228.125,0,21.875,0,3.125,18.75,15.625,3.125,0,0,0,115.625,15.625,9.375,0,3.125,0,9.375,0,0,9.375,15.625,0,0,0,0,9.375,0,0,0,0,0,0,0,0,0,1/15/21,RRSAC6,10:40,10.444,165.1,228.5,149,0.11,97.9,10.92,7.75,4.91,1.5,0.63,273921,274577,2,,1.246099772
RRSAC6_1/19/2021_7:20,0,2.5,15,260,0,0,15,2.5,40,0,0,0,30,10,17.5,5,165,0,12.5,0,0,2.5,10,0,0,0,0,20,37.5,2.5,5,2.5,0,10,0,0,0,0,0,2.5,0,0,0,0,0,0,0,0,0,0,0,0,1/19/21,RRSAC6,7:20,10.576,162.3,223.7,145,0.11,96.5,10.74,7.8,6.68,3.26,0.7,294022,294674,2,,1.238501603
RRSAC6_1/22/2021_7:30,0,0,20,316.6666667,0,0,0,3.333333333,46.66666667,0,0,0,26.66666667,0,20,0,96.66666667,0,6.666666667,0,10,0,0,0,0,0,0,6.666666667,26.66666667,3.333333333,6.666666667,3.333333333,0,6.666666667,0,0,3.333333333,0,3.333333333,0,0,0,0,0,0,0,0,0,0,0,0,0,1/22/21,RRSAC6,7:30,9.764,161.8,228,148,0.11,98,11.11,7.86,4.25,2.51,0.67,306425,307143,2,,1.363871397
RRSAC6_1/26/2021_7:30,1.818181818,3.636363636,18.18181818,174.5454545,0,3.636363636,7.272727273,0,40,0,1.818181818,0,25.45454545,5.454545455,45.45454545,0,107.2727273,0,49.09090909,0,0,3.636363636,1.818181818,0,0,0,0,5.454545455,0,0,5.454545455,18.18181818,0,9.090909091,3.636363636,0,1.818181818,0,0,0,0,0,0,0,0,0,0,0,0,0,0,1.818181818,1/26/21,RRSAC6,7:30,8.592,142.8,207.6,135,0.1,98,11.43,7.95,2.72,2.72,0.82,323576,324271,1,,1.320181923
RRSAC6_2/2/2021_7:20,0,18.75,43.75,312.5,0,25,6.25,0,93.75,0,0,0,106.25,6.25,93.75,0,637.5,0,100,0,0,0,137.5,0,0,0,0,37.5,25,18.75,31.25,25,0,18.75,12.5,0,25,6.25,6.25,0,0,0,0,6.25,0,0,0,0,0,0,0,0,2/2/21,RRSAC6,7:20,9.657,127.2,179.6,117,0.09,93.3,10.61,7.52,18.18,3.53,0.71,344949,345606,2,,1.247999314
RRSAC6_2/8/2021_7:00,0,22.72727273,18.18181818,409.0909091,0,4.545454545,0,0,54.54545455,0,0,0,54.54545455,4.545454545,4.545454545,0,272.7272727,0,50,0,0,4.545454545,45.45454545,4.545454545,0,0,0,72.72727273,0,13.63636364,4.545454545,36.36363636,0,0,0,0,4.545454545,18.18181818,22.72727273,18.18181818,0,0,0,0,4.545454545,0,0,0,0,0,0,0,2/8/21,RRSAC6,7:00,10.193,147.3,205.1,133,0.1,93.8,10.53,7.63,12.01,3.1,0.72,357813,358675,2,,1.637405493
RRSAC6_2/15/2021_7:00,0,25.92592593,11.11111111,337.037037,0,0,11.11111111,0,40.74074074,0,0,0,25.92592593,0,18.51851852,3.703703704,314.8148148,0,74.07407407,0,0,7.407407407,48.14814815,0,0,0,0,11.11111111,33.33333333,7.407407407,14.81481481,22.22222222,3.703703704,22.22222222,3.703703704,0,3.703703704,3.703703704,11.11111111,3.703703704,3.703703704,0,0,0,0,0,0,0,3.703703704,0,0,0,2/15/21,RRSAC6,7:00,11.507,154.4,207.7,135,0.1,97.4,10.61,7.71,11.31,5.37,0.67,379377,379988,1,,1.160620367
RRSAC6_2/22/2021_7:00,0,12.5,112.5,1175,0,12.5,25,37.5,212.5,0,0,0,100,0,62.5,12.5,462.5,0,25,0,0,25,12.5,0,0,0,0,137.5,50,25,37.5,25,0,37.5,12.5,0,25,0,0,0,0,0,0,0,0,0,0,0,0,0,0,0,2/22/21,RRSAC6,7:00,10.61,NA,224.8,NA,0.11,101.1,11.24,7.87,8.37,3.9,NA,401978,402615,2,,1.210008468
RRSAC6_3/1/2021_7:10,0,65.62499979,56.24999982,1021.874997,0,0,28.12499991,9.374999971,562.4999982,0,0,0,93.74999971,0,65.62499979,28.12499991,187.4999994,0,18.74999994,0,0,0,37.49999988,0,0,0,0,721.8749977,0,0,0,9.374999971,0,0,9.374999971,0,9.374999971,0,0,46.87499985,0,0,0,0,0,0,0,0,9.374999971,0,0,0,3/1/21,RRSAC6,7:10,10.816,166.9,228.7,148.639,0.11,102.2,11.31,8.12,7.19,5.46,0.87,423514,424219,3,,1.339177347
RRSAC6_3/8/2021_7:00,0,10,10,293.3333333,0,0,3.333333333,6.666666667,143.3333333,0,0,0,140,3.333333333,76.66666667,3.333333333,320,0,26.66666667,0,3.333333333,10,3.333333333,0,0,0,0,220,0,3.333333333,10,0,0,6.666666667,0,0,0,10,10,0,0,0,0,0,0,0,3.333333333,0,0,0,0,3.333333333,3/8/21,RRSAC6,7:00,12.778,169.8,221.2,143.814,0.11,98.8,10.45,8.12,5.14,4.63,0.85,447849,448438,2,,1.118830436
RRSAC6_3/15/2021_7:30,0,4,10,202,0,8,20,14,18,0,0,0,22,0,32,0,134,2,56,0,0,0,0,0,0,0,0,124,0,6,14,34,0,8,16,0,2,0,6,0,0,0,0,0,0,0,0,0,0,0,0,4,3/15/21,RRSAC6,7:30,11.616,155.5,208.8,135.666,0.1,97.6,10.6,7.95,3.38,2.67,0.79,468873,469549,1,,1.284090619
RRSAC6_3/22/2021_7:40,20,25,10,425,0,15,50,20,25,0,0,0,190,0,90,5,510,5,190,0,0,25,0,0,0,0,0,30,0,0,40,55,0,35,30,0,15,0,0,0,0,0,0,0,0,0,0,0,0,0,0,15,3/22/21,RRSAC6,7:40,12.743,140.5,183.4,119.25,0.09,100.7,10.66,7.72,6.49,4.64,0.67,489085,489671,1,,1.113131809
RRSAC6_3/29/2021_7:40,8.823529399,39.70588229,0,419.1176464,0,0,4.411764699,4.411764699,35.2941176,0,0,0,61.76470579,0,127.9411763,0,295.5882349,0,110.2941175,4.411764699,0,8.823529399,0,0,0,0,0,48.52941169,0,22.0588235,22.0588235,0,0,22.0588235,4.411764699,0,4.411764699,0,0,0,0,0,0,4.411764699,0,0,0,0,0,0,0,0,3/29/21,RRSAC6,7:40,14.972,166.5,205.6,133.608,0.1,99.3,9.99,8.01,7.67,4.42,0.42,510387,511017,1,,1.196711671
RRSAC7_11/9/2020_8:10,0,7.5,2.5,237.5,0,5,17.5,0,0,0,0,0,127.5,0,65,0,12.5,0,92.5,0,5,2.5,0,0,0,0,0,20,0,0,10,25,0,0,7.5,0,0,0,0,0,0,0,0,0,0,0,0,0,0,0,0,5,11/9/20,RRSAC7,8:10,11.567,128.1,172.1,112,0.08,97.1,10.54,8.15,1.61,2.2,1.06,82588,83289,1,,1.331579177
RRSAC7_11/16/2020_7:10,0,8,4,252,0,4,40,0,28,0,0,0,412,16,84,0,8,0,124,0,0,0,8,0,0,0,0,212,0,8,4,28,0,12,8,0,0,0,0,0,0,0,0,0,0,0,0,0,0,0,0,4,11/16/20,RRSAC7,7:10,10.603,131.2,180.8,118,0.09,97.7,10.86,7.94,1.93,2.1,0.87,93425,94088,1,,1.259396568
RRSAC7_11/23/2020_7:10,0,0,72.72727273,554.5454545,0,9.090909091,45.45454545,9.090909091,100,0,0,0,863.6363636,54.54545455,245.4545455,0,36.36363636,0,36.36363636,0,0,9.090909091,0,0,0,0,0,563.6363636,0,9.090909091,0,9.090909091,0,27.27272727,0,0,9.090909091,0,9.090909091,0,0,0,0,0,0,0,9.090909091,0,0,0,0,0,11/23/20,RRSAC7,7:10,10.919,144.3,197.3,128,0.09,94.8,10.46,7.83,3.73,1.97,1,106733,107578,1,,1.605113274
RRSAC7_11/30/2020_7:10,0,4.166666667,8.333333333,383.3333333,0,25,8.333333333,0,104.1666667,0,0,0,370.8333333,45.83333333,195.8333333,4.166666667,33.33333333,0,25,0,4.166666667,20.83333333,0,0,0,4.166666667,0,58.33333333,0,8.333333333,8.333333333,12.5,0,8.333333333,0,0,4.166666667,12.5,4.166666667,0,0,0,0,0,0,0,4.166666667,0,0,0,0,0,11/30/20,RRSAC7,7:10,9.454,135.3,192.2,125,0.09,97.5,11.14,8.04,1.15,2.65,0.9,121961,122911,1,,1.804565219
RRSAC7_12/8/2020_7:10,0,2.857142857,17.14285714,285.7142857,0,20,37.14285714,2.857142857,22.85714286,0,0,0,240,14.28571429,131.4285714,0,45.71428571,0,234.2857143,0,0,11.42857143,0,8.571428571,0,0,0,125.7142857,0,8.571428571,5.714285714,37.14285714,0,8.571428571,0,0,2.857142857,0,0,0,0,0,0,0,0,0,0,0,0,0,0,14.28571429,12/8/20,RRSAC7,7:10,9.499,137.5,195.1,127,0.09,96.9,11.06,7.83,1.92,2.1,0.79,149391,150122,1,,1.388565447
RRSAC7_12/15/2020_9:40,0,8.695652174,13.04347826,434.7826087,0,4.347826087,56.52173913,4.347826087,130.4347826,0,8.695652174,0,408.6956522,8.695652174,252.173913,0,91.30434783,0,95.65217391,0,0,4.347826087,8.695652174,0,0,0,0,143.4782609,0,0,4.347826087,4.347826087,0,13.04347826,0,0,4.347826087,0,0,0,0,0,0,0,0,0,0,0,0,4.347826087,0,4.347826087,12/15/20,RRSAC7,9:40,9.868,141.1,202.4,132,0.1,96.1,10.87,7.85,3.02,1.8,0.76,175345,176116,2,,1.464547141
RRSAC7_12/22/2020_7:00,0,0,140,1010,0,20,60,0,100,0,40,0,340,40,280,0,400,0,80,0,0,0,0,0,0,0,0,340,0,0,0,0,0,0,0,0,0,0,0,0,0,0,0,0,0,0,0,0,0,0,0,0,12/22/20,RRSAC7,7:00,9.023,146.5,210.6,137,0.1,94.4,10.89,7.74,4.51,2.55,0.81,192797,193516,2,,1.365770939
RRSAC7_12/29/2020_7:00,0,0,216.6666667,866.6666667,0,0,25,0,91.66666667,0,0,0,141.6666667,8.333333333,58.33333333,0,375,0,75,0,8.333333333,8.333333333,0,0,0,0,0,108.3333333,125,0,16.66666667,0,0,41.66666667,0,0,0,0,0,0,0,0,0,0,0,0,0,0,0,0,0,0,12/29/20,RRSAC7,7:00,8.788,141.4,204.6,133,0.1,95.9,11.14,7.79,4.4,2.48,0.74,215145,215950,2,,1.52913158
RRSAC7_1/5/2021_7:20,10,0,90,530,0,10,15,0,50,0,0,0,75,45,115,0,475,0,130,0,0,15,0,5,0,0,0,45,0,0,5,25,0,10,0,0,0,0,0,0,0,0,0,0,0,0,0,0,0,0,0,5,1/5/21,RRSAC7,7:20,9.655,148.1,209.2,136,0.1,95.3,10.89,7.71,4.72,2.43,0.75,231909,232616,2,,1.342976431
RRSAC7_1/12/2021_7:00,0,0,138.4615385,76.92307692,0,0,19.23076923,3.846153846,46.15384615,0,0,0,61.53846154,3.846153846,30.76923077,0,392.3076923,0,69.23076923,0,0,3.846153846,11.53846154,0,0,0,0,100,30.76923077,11.53846154,3.846153846,30.76923077,0,26.92307692,0,0,7.692307692,0,3.846153846,3.846153846,0,0,0,0,3.846153846,0,0,0,0,0,0,0,1/12/21,RRSAC7,7:00,9.13,146.6,210.1,137,0.1,96,11.06,7.72,5.72,2.08,0.74,262231,262946,1,,1.35817277
RRSAC7_1/15/2021_10:30,0,10.71428571,7.142857143,285.7142857,0,3.571428571,28.57142857,3.571428571,32.14285714,0,3.571428571,0,35.71428571,0,46.42857143,3.571428571,182.1428571,0,53.57142857,0,0,17.85714286,17.85714286,0,0,0,0,339.2857143,64.28571429,3.571428571,10.71428571,17.85714286,0,14.28571429,10.71428571,0,10.71428571,0,0,0,0,0,0,0,0,0,0,0,0,0,0,0,1/15/21,RRSAC7,10:30,10.395,165,228.5,149,0.11,98.1,10.96,7.76,4.63,1.8,0.63,273163,273914,1,,1.426556294
RRSAC7_1/19/2021_7:10,0,0,42.85714286,785.7142857,0,7.142857143,14.28571429,7.142857143,50,0,7.142857143,0,64.28571429,0,50,0,414.2857143,0,42.85714286,0,0,14.28571429,0,0,0,0,0,78.57142857,228.5714286,7.142857143,42.85714286,7.142857143,0,7.142857143,7.142857143,0,14.28571429,0,0,0,0,0,0,7.142857143,0,0,0,0,0,0,0,0,1/19/21,RRSAC7,7:10,10.516,161.4,223.2,145,0.11,98,10.9,7.81,6.29,2.84,0.77,293279,294023,1,,1.413259498
RRSAC7_1/22/2021_7:20,0,4.166666667,16.66666667,433.3333333,0,16.66666667,12.5,0,66.66666667,0,0,0,37.5,0,54.16666667,0,91.66666667,0,4.166666667,0,16.66666667,8.333333333,16.66666667,4.166666667,0,0,0,50,37.5,0,8.333333333,25,0,4.166666667,4.166666667,0,4.166666667,0,0,4.166666667,0,0,0,0,0,0,0,0,0,0,0,0,1/22/21,RRSAC7,7:20,9.746,161.2,277.2,148,0.11,97.7,11.09,7.86,4.11,2.43,0.67,305685,306410,2,,1.377168193
RRSAC7_1/26/2021_7:20,0,1,9,109,0,2,0,1,30,0,1,0,18,0,8,0,59,0,9,0,3,0,6,0,0,0,0,25,28,3,2,11,0,7,0,0,4,1,0,0,0,0,1,0,0,0,0,0,0,0,0,0,1/26/21,RRSAC7,7:20,8.556,142.8,207.9,135,0.1,97.8,11.41,7.95,2.71,2.51,0.86,322831,323571,1,,1.405661328
RRSAC7_2/2/2021_7:10,0,29.99999985,14.99999993,434.9999978,0,14.99999993,22.49999989,7.499999963,44.99999978,0,0,0,37.49999981,14.99999993,14.99999993,0,802.499996,0,67.49999966,0,52.49999974,0,0,142.4999993,0,0,0,0,0,29.99999985,7.499999963,0,0,0,0,0,14.99999993,0,7.499999963,0,0,0,0,0,0,0,0,0,0,0,0,0,2/2/21,RRSAC7,7:10,9.651,126.9,179.3,117,0.09,93.3,10.62,7.5,16.71,3.46,0.69,344202,344952,1,,1.424656752
RRSAC7_2/8/2021_6:45,0,16.66666667,50,450,0,8.333333333,37.5,0,104.1666667,0,0,0,16.66666667,0,25,4.166666667,354.1666667,0,112.5,0,0,4.166666667,58.33333333,4.166666667,0,0,0,191.6666667,0,20.83333333,4.166666667,37.5,0,29.16666667,8.333333333,0,16.66666667,0,4.166666667,29.16666667,0,0,0,0,0,0,0,0,0,0,0,0,2/8/21,RRSAC7,6:45,10.138,146.8,204.8,133,0.1,93.5,10.51,7.58,12.01,2.69,0.69,356992,357819,2,,1.570921512
RRSAC7_2/15/2021_6:50,0,4.761904762,11.9047619,142.8571429,0,0,2.380952381,0,76.19047619,0,2.380952381,2.380952381,50,2.380952381,16.66666667,2.380952381,266.6666667,0,16.66666667,0,0,2.380952381,59.52380952,0,0,0,0,35.71428571,0,7.142857143,0,16.66666667,0,9.523809524,9.523809524,0,26.19047619,2.380952381,11.9047619,0,0,0,2.380952381,0,4.761904762,0,0,0,2.380952381,0,0,0,2/15/21,RRSAC7,6:50,11.512,154.3,207.6,135,0.1,97.6,10.63,7.68,10.3,4.43,0.6,378578,379374,1,,1.512035699
RRSAC7_2/22/2021_6:50,0,12.5,31.25,656.25,0,0,25,12.5,212.5,0,0,0,118.75,0,50,6.25,406.25,0,81.25,0,0,0,50,6.25,0,0,0,168.75,56.25,12.5,18.75,0,6.25,25,18.75,0,6.25,0,0,0,0,0,0,0,0,0,0,0,0,0,0,0,2/22/21,RRSAC7,6:50,10.52,NA,224.7,NA,0.11,100.7,11.22,7.85,7.9,3.81,NA,401168,401970,2,,1.523432953
RRSAC7_3/1/2021_7:00,0,8.333333333,75,966.6666667,0,0,0,0,358.3333333,0,8.333333333,0,75,0,41.66666667,0,200,0,16.66666667,0,0,0,41.66666667,0,0,0,0,633.3333333,0,25,8.333333333,100,0,0,0,0,16.66666667,16.66666667,0,8.333333333,0,0,0,0,25,0,0,0,0,0,0,0,3/1/21,RRSAC7,7:00,10.78,166.7,228.5,148.529,0.11,102,11.3,8.11,5.17,5.01,0.8,422708,423504,3,,1.512035699
RRSAC7_3/8/2021_6:50,8,12,0,136,0,0,0,24,104,0,12,0,132,8,72,0,412,0,84,0,0,4,0,0,0,0,0,308,0,0,12,24,0,8,4,0,0,0,0,0,0,0,0,0,0,0,0,0,0,0,0,16,3/8/21,RRSAC7,6:50,12.723,169.8,221.6,144.064,0.11,98.7,10.46,8.16,4.45,4.65,0.89,447162,447853,2,,1.312583754
RRSAC7_3/15/2021_7:20,0,1.428571429,8.571428571,138.5714286,0,2.857142857,7.142857143,11.42857143,12.85714286,0,0,0,24.28571429,0,34.28571429,0,132.8571429,1.428571429,48.57142857,0,0,0,0,1.428571429,0,0,0,107.1428571,0,1.428571429,8.571428571,15.71428571,0,12.85714286,11.42857143,0,5.714285714,0,1.428571429,0,0,0,0,0,0,0,0,0,0,0,0,1.428571429,3/15/21,RRSAC7,7:20,11.525,154.8,208.2,135.286,0.1,97.5,10.62,7.95,2.95,2.98,0.76,468142,468861,1,,1.365770939
RRSAC7_3/22/2021_7:25,0,19.23076923,11.53846154,257.6923077,0,11.53846154,7.692307692,0,30.76923077,0,0,0,92.30769231,0,65.38461538,0,380.7692308,0,57.69230769,0,0,0,0,0,0,0,0,100,0,23.07692308,11.53846154,3.846153846,0,0,0,0,7.692307692,0,0,0,0,0,0,0,0,0,0,0,0,3.846153846,0,0,3/22/21,RRSAC7,7:25,12.71,140.7,183.7,119.395,0.09,100.3,10.63,7.72,6.68,3.9,0.65,488280,489085,1,,1.52913158
RRSAC7_3/29/2021_7:25,42.85714286,23.80952381,71.42857143,452.3809524,0,0,4.761904762,19.04761905,23.80952381,0,0,0,42.85714286,9.523809524,128.5714286,0,433.3333333,0,457.1428571,0,0,33.33333333,0,19.04761905,0,0,0,38.0952381,0,38.0952381,76.19047619,161.9047619,0,147.6190476,9.523809524,0,0,0,9.523809524,0,0,0,0,0,0,0,0,0,0,0,0,9.523809524,3/29/21,RRSAC7,7:25,14.951,166,205.4,133.477,0.1,99,9.98,8.01,4.04,2.78,0.38,509665,510369,1,,1.337277804
RRSAC8_11/9/2020_7:40,0,0,0,268.5714286,0,8.571428571,11.42857143,0,0,0,0,0,74.28571429,5.714285714,97.14285714,0,8.571428571,0,40,0,5.714285714,2.857142857,0,0,0,0,0,17.14285714,0,0,5.714285714,48.57142857,0,11.42857143,2.857142857,0,2.857142857,0,0,0,0,0,0,0,0,0,0,0,0,0,0,0,11/9/20,RRSAC8,7:40,11.71,128.8,172.5,112,0.08,95.1,10.3,7.96,1.78,1.64,0.84,81856,82556,1,,1.329679635
RRSAC8_11/16/2020_6:50,4.545454545,0,4.545454545,286.3636364,0,4.545454545,31.81818182,0,9.090909091,0,0,0,459.0909091,13.63636364,113.6363636,0,0,0,77.27272727,0,9.090909091,4.545454545,4.545454545,0,0,0,0,127.2727273,0,0,9.090909091,18.18181818,0,0,0,0,0,0,0,0,0,0,0,0,0,0,0,0,0,0,0,0,11/16/20,RRSAC8,6:50,10.585,131.3,181,118,0.09,97.3,10.82,7.91,1.72,1.88,0.77,92722,93421,1,,1.327780093
RRSAC8_11/23/2020_6:50,0,16.66666667,108.3333333,625,0,0,91.66666667,0,75,0,0,0,658.3333333,41.66666667,200,8.333333333,33.33333333,0,41.66666667,0,0,0,0,0,0,0,0,791.6666667,0,0,0,16.66666667,0,25,0,0,0,0,0,0,0,0,0,0,0,0,8.333333333,0,0,0,0,0,11/23/20,RRSAC8,6:50,10.909,144.3,197.5,129,0.09,93.9,10.37,7.85,3.03,2.06,0.82,106065,106729,1,,1.261296111
RRSAC8_11/30/2020_6:55,0,4.166666667,50,283.3333333,0,8.333333333,12.5,0,91.66666667,0,0,0,408.3333333,16.66666667,133.3333333,0,37.5,0,29.16666667,0,8.333333333,12.5,0,12.5,0,0,0,79.16666667,0,4.166666667,8.333333333,0,0,4.166666667,8.333333333,0,0,8.333333333,0,0,0,0,0,0,0,0,0,0,0,0,0,4.166666667,11/30/20,RRSAC8,6:55,9.55,136,192.7,125,0.09,97.7,11.13,8.01,1.52,2.86,0.93,121300,121954,1,,1.242300687
RRSAC8_12/8/2020_6:50,0,0,24.44444444,211.1111111,0,6.666666667,17.77777778,0,24.44444444,0,0,0,173.3333333,15.55555556,115.5555556,0,20,0,73.33333333,0,0,8.888888889,0,0,0,0,0,140,0,2.222222222,8.888888889,15.55555556,0,22.22222222,4.444444444,0,0,0,2.222222222,0,0,0,0,0,0,0,0,0,0,0,0,0,12/8/20,RRSAC8,6:50,9.634,138.2,195.4,127,0.09,97.3,11.08,7.81,1.57,2.03,0.78,148739,149395,1,,1.246099772
RRSAC8_12/15/2020_9:30,0,0,55,560,0,20,60,5,80,0,0,0,380,15,280,0,135,0,90,0,0,10,15,0,0,0,0,150,0,0,10,0,0,15,5,0,0,0,0,0,5,0,0,0,0,0,0,0,0,0,0,15,12/15/20,RRSAC8,9:30,9.757,144.4,203.3,132,0.1,95.8,10.85,7.88,3.33,1.86,0.77,174662,175341,1,,1.289789246
RRSAC8_12/22/2020_6:50,0,7.692307692,53.84615385,815.3846154,0,7.692307692,123.0769231,0,100,0,15.38461538,0,330.7692308,61.53846154,161.5384615,0,376.9230769,0,92.30769231,0,0,0,0,0,0,0,0,615.3846154,0,0,7.692307692,15.38461538,0,7.692307692,0,0,0,0,0,0,0,0,0,0,0,0,0,0,0,0,0,0,12/22/20,RRSAC8,6:50,8.999,146.7,210.9,137,0.1,94.4,10.9,7.8,4.69,2.77,0.86,192135,192795,2,,1.253697941
RRSAC8_12/29/2020_6:40,0,16.66666667,76.66666667,300,0,13.33333333,20,0,50,0,3.333333333,0,83.33333333,3.333333333,40,0,196.6666667,0,30,0,3.333333333,0,6.666666667,0,0,0,0,103.3333333,56.66666667,0,30,0,0,20,0,0,0,0,3.333333333,0,0,0,0,0,3.333333333,0,0,0,0,0,0,0,12/29/20,RRSAC8,6:40,8.837,142.1,205.2,133,0.1,96,11.13,7.74,5.24,2.33,0.82,214549,215510,8,,1.825460185
RRSAC8_1/5/2021_7:10,3.333333333,0,40,333.3333333,0,3.333333333,16.66666667,3.333333333,66.66666667,0,0,0,93.33333333,26.66666667,73.33333333,0,326.6666667,3.333333333,96.66666667,0,0,3.333333333,0,0,0,0,0,36.66666667,0,0,6.666666667,6.666666667,0,23.33333333,3.333333333,0,3.333333333,0,0,0,0,0,0,0,0,0,0,0,0,6.666666667,0,10,1/5/21,RRSAC8,7:10,9.659,148.5,209.8,136,0.1,95.5,10.85,7.72,4.95,2.45,0.77,231175,231913,2,,1.401862244
RRSAC8_1/12/2021_6:50,0,3.125,12.5,175,0,0,6.25,6.25,37.5,0,0,0,50,0,21.875,0,293.75,0,28.125,0,0,6.25,18.75,0,0,0,0,56.25,56.25,3.125,9.375,9.375,0,12.5,3.125,0,3.125,0,6.25,6.25,0,0,0,0,0,0,0,0,0,0,0,0,1/12/21,RRSAC8,6:50,9.106,156.9,224.9,146,0.11,96,11.06,7.72,6.43,2.1,0.77,261586,262236,2,,1.234702518
RRSAC8_1/15/2021_10:20,0,0,16.66666667,345.8333333,0,4.166666667,20.83333333,0,33.33333333,0,0,0,41.66666667,0,29.16666667,0,216.6666667,0,45.83333333,0,0,0,29.16666667,0,0,0,4.166666667,220.8333333,66.66666667,4.166666667,20.83333333,20.83333333,0,8.333333333,0,0,0,0,0,0,0,0,0,0,0,0,0,0,0,0,0,0,1/15/21,RRSAC8,10:20,10.253,164.3,228.5,149,0.11,97.3,10.91,7.75,5.68,1.82,0.66,272435,273143,1,,1.344875974
RRSAC8_1/19/2021_6:50,0,0,40,500,0,5,10,5,35,0,0,0,60,5,20,10,190,0,30,0,0,0,10,0,0,0,0,55,85,0,20,20,0,20,5,0,5,0,5,0,0,0,0,0,0,0,0,0,0,0,0,0,1/19/21,RRSAC8,6:50,10.547,161.6,223,145,0.11,97.5,10.83,7.75,6.5,2.89,0.69,292583,293265,2,,1.295487873
RRSAC8_1/22/2021_7:10,0,3.333333333,13.33333333,303.3333333,0,0,3.333333333,10,36.66666667,0,0,0,63.33333333,0,13.33333333,0,106.6666667,0,3.333333333,0,0,0,3.333333333,0,0,0,0,36.66666667,10,0,0,13.33333333,0,16.66666667,3.333333333,0,6.666666667,0,0,0,0,0,0,0,0,0,0,0,0,0,0,0,1/22/21,RRSAC8,7:10,9.801,162.4,228.6,149,0.11,97.1,11,7.91,4.16,2.48,0.61,304847,305678,2,,1.578519681
RRSAC8_1/26/2021_7:10,0,2.5,20,15,225,0,0,2.5,25,0,2.5,0,17.5,0,22.5,0,127.5,0,12.5,0,7.5,2.5,7.5,2.5,0,0,0,47.5,65,0,2.5,10,0,12.5,0,0,10,0,0,0,0,0,0,0,0,0,0,0,0,0,0,0,1/26/21,RRSAC8,7:10,8.682,143.6,208.3,135,0.1,98,11.4,8.01,2.96,2.58,0.84,322130,322817,1,,1.304985585
RRSAC8_2/2/2021_6:50,7.142857143,21.42857143,14.28571429,371.4285714,0,7.142857143,28.57142857,7.142857143,71.42857143,0,7.142857143,0,0,28.57142857,107.1428571,7.142857143,685.7142857,7.142857143,271.4285714,0,0,0,0,7.142857143,0,0,0,7.142857143,0,0,21.42857143,50,0,7.142857143,14.28571429,0,21.42857143,0,0,0,0,0,0,0,0,0,0,0,0,0,0,14.28571429,2/2/21,RRSAC8,6:50,9.632,126.3,178.6,116,0.08,93.4,10.62,7.53,17.8,3.57,0.7,343511,344195,1,,1.299286958
RRSAC8_2/8/2021_6:30,5.555555556,5.555555556,27.77777778,588.8888889,0,16.66666667,16.66666667,0,66.66666667,0,0,0,72.22222222,0,22.22222222,5.555555556,616.6666667,0,194.4444444,0,0,0,77.77777778,0,0,0,0,300,0,22.22222222,22.22222222,83.33333333,0,44.44444444,5.555555556,0,33.33333333,0,0,5.555555556,0,0,0,0,0,0,0,0,0,0,0,0,2/8/21,RRSAC8,6:30,10.093,145.8,203.6,132,0.1,93.2,10.49,7.64,14.91,2.9,0.75,356240,356986,2,,1.417058582
RRSAC8_2/15/2021_6:30,0,7.142857143,14.28571429,296.4285714,0,7.142857143,10.71428571,0,60.71428571,0,0,0,50,0,35.71428571,10.71428571,353.5714286,0,107.1428571,0,0,0,60.71428571,3.571428571,0,0,0,221.4285714,0,21.42857143,10.71428571,21.42857143,0,7.142857143,17.85714286,0,35.71428571,0,7.142857143,7.142857143,0,0,0,0,3.571428571,0,0,0,0,0,0,0,2/15/21,RRSAC8,6:30,11.559,154.5,207.7,135,0.1,98,10.66,7.72,11.18,4.77,0.65,377862,378574,1,,1.352474143
RRSAC8_2/22/2021_6:30,0,31.25,31.25,637.5,0,12.5,75,18.75,125,0,12.5,0,106.25,0,75,31.25,443.75,0,62.5,0,0,0,62.5,6.25,0,0,0,406.25,87.5,25,50,25,0,56.25,31.25,0,31.25,6.25,0,0,0,0,0,0,0,0,0,0,0,0,0,0,2/22/21,RRSAC8,6:30,10.489,NA,224.9,NA,0.11,100.9,11.25,7.88,8.35,3.81,NA,400413,401158,2,,1.41515904
RRSAC8_3/1/2021_6:40,0,25,8.333333333,750,0,0,16.66666667,8.333333333,483.3333333,0,0,0,116.6666667,8.333333333,58.33333333,16.66666667,275,0,58.33333333,0,0,0,33.33333333,0,0,0,0,66.66666667,83.33333333,8.333333333,0,8.333333333,0,8.333333333,41.66666667,0,0,8.333333333,0,16.66666667,0,0,0,0,0,0,0,0,25,0,0,0,3/1/21,RRSAC8,6:40,10.841,166.7,228.2,148.325,0.11,101.8,11.26,8.08,6.13,3.75,0.85,421970,422712,3,,1.409460413
RRSAC8_3/8/2021_6:35,0,11.11111111,27.77777778,361.1111111,0,0,11.11111111,22.22222222,122.2222222,0,11.11111111,0,150,5.555555556,94.44444444,0,550,0,77.77777778,0,0,0,0,0,0,0,0,255.5555556,0,0,5.555555556,22.22222222,0,22.22222222,5.555555556,0,0,0,0,0,0,0,0,0,0,0,0,0,0,0,0,11.11111111,3/8/21,RRSAC8,6:35,12.693,169,220.8,143.57,0.11,98.4,10.45,8.17,4.96,5.66,0.93,446318,447144,2,,1.569021969
RRSAC8_3/15/2021_7:00,2,2,12,194,0,4,46,12,16,0,0,0,30,0,26,0,98,0,70,0,0,2,0,2,0,0,4,94,0,0,10,38,0,16,16,0,2,0,4,0,0,0,0,0,0,0,0,0,2,0,0,8,3/15/21,RRSAC8,7:00,11.553,153.8,206.8,134.368,0.1,97.6,10.62,7.98,4.69,3.21,0.84,467434,468140,1,,1.341076889
RRSAC8_3/22/2021_7:10,25,0,7.142857143,375,0,10.71428571,64.28571429,7.142857143,14.28571429,0,3.571428571,0,96.42857143,14.28571429,42.85714286,0,375,3.571428571,185.7142857,0,0,0,0,7.142857143,0,0,0,21.42857143,0,0,57.14285714,85.71428571,0,46.42857143,35.71428571,0,14.28571429,0,0,0,0,0,0,0,0,0,0,0,7.142857143,0,0,14.28571429,3/22/21,RRSAC8,7:10,12.711,141.2,184.4,119.868,0.09,100.2,10.62,7.74,11.7,5.72,0.73,487591,488294,1,,1.335378262
RRSAC8_3/29/2021_7:10,39.13043478,47.82608696,21.73913043,417.3913043,0,0,17.39130435,52.17391304,34.7826087,0,4.347826087,0,56.52173913,4.347826087,178.2608696,0,373.9130435,4.347826087,260.8695652,0,0,8.695652174,0,0,0,0,0,26.08695652,0,0,21.73913043,126.0869565,0,73.91304348,17.39130435,0,8.695652174,0,8.695652174,0,0,0,0,0,0,0,0,0,0,0,0,4.347826087,3/29/21,RRSAC8,7:10,14.899,165.7,205.1,133.299,0.1,99.4,10.03,8.06,4.52,3.74,0.42,508878,509662,1,,1.489241191